"Player","Team","Bye","POS","ESPN","ADP"
"Ja'Marr Chase","CIN","10","WR1","1","1"
"Bijan Robinson","ATL","5","RB1","2","2"
"Saquon Barkley","PHI","9","RB2","3","3"
"Justin Jefferson","MIN","6","WR2","4","4"
"Jahmyr Gibbs","DET","8","RB3","5","5"
"CeeDee Lamb","DAL","10","WR3","6","6"
"Christian McCaffrey","SF","14","RB4","7","7"
"Puka Nacua","LAR","8","WR4","8","8"
"Amon-Ra St. Brown","DET","8","WR5","9","9"
"Malik Nabers","NYG","14","WR6","10","10"
"Ashton Jeanty","LV","8","RB5","11","11"
"De'Von Achane","MIA","12","RB6","12","12"
"Derrick Henry","BAL","7","RB7","13","13"
"Nico Collins","HOU","6","WR7","14","14"
"Brian Thomas Jr.","JAC","8","WR8","15","15"
"A.J. Brown","PHI","9","WR9","16","16"
"Jonathan Taylor","IND","11","RB8","17","17"
"Josh Jacobs","GB","5","RB9","18","18"
"Brock Bowers","LV","8","TE1","19","19"
"Josh Allen","BUF","7","QB1","20","20"
"Drake London","ATL","5","WR10","21","21"
"Lamar Jackson","BAL","7","QB2","22","22"
"Bucky Irving","TB","9","RB10","23","23"
"Trey McBride","ARI","8","TE2","24","24"
"Chase Brown","CIN","10","RB11","25","25"
"Tee Higgins","CIN","10","WR11","26","26"
"Jayden Daniels","WAS","12","QB3","27","27"
"Jalen Hurts","PHI","9","QB4","28","28"
"Tyreek Hill","MIA","12","WR12","29","29"
"Ladd McConkey","LAC","12","WR13","30","30"
"Kyren Williams","LAR","8","RB12","31","31"
"Joe Burrow","CIN","10","QB5","32","32"
"James Cook","BUF","7","RB13","33","33"
"Davante Adams","LAR","8","WR14","34","34"
"George Kittle","SF","14","TE3","35","35"
"Jaxon Smith-Njigba","SEA","8","WR15","36","36"
"Kenneth Walker III","SEA","8","RB14","37","37"
"Alvin Kamara","NO","11","RB15","38","38"
"Terry McLaurin","WAS","12","WR16","39","39"
"Omarion Hampton","LAC","12","RB16","40","40"
"Garrett Wilson","NYJ","9","WR17","41","41"
"Mike Evans","TB","9","WR18","42","42"
"Chuba Hubbard","CAR","14","RB17","43","43"
"Patrick Mahomes II","KC","10","QB6","44","44"
"DK Metcalf","PIT","5","WR19","45","45"
"Marvin Harrison Jr.","ARI","8","WR20","46","46"
"Sam LaPorta","DET","8","TE4","47","47"
"Xavier Worthy","KC","10","WR21","48","48"
"James Conner","ARI","8","RB18","49","49"
"Breece Hall","NYJ","9","RB19","50","50"
"Baker Mayfield","TB","9","QB7","51","51"
"TreVeyon Henderson","NE","14","RB20","52","52"
"T.J. Hockenson","MIN","6","TE5","53","53"
"DJ Moore","CHI","5","WR22","54","54"
"Zay Flowers","BAL","7","WR23","55","55"
"Travis Kelce","KC","10","TE6","56","56"
"D'Andre Swift","CHI","5","RB21","57","57"
"Rashee Rice","KC","10","WR24","58","58"
"Courtland Sutton","DEN","12","WR25","59","59"
"David Montgomery","DET","8","RB22","60","60"
"DeVonta Smith","PHI","9","WR26","61","61"
"Calvin Ridley","TEN","10","WR27","62","62"
"George Pickens","DAL","10","WR28","63","63"
"Travis Hunter","JAC","8","WR29","64","64"
"Bo Nix","DEN","12","QB8","65","65"
"Jerry Jeudy","CLE","9","WR30","66","66"
"Jameson Williams","DET","8","WR31","67","67"
"Jaylen Waddle","MIA","12","WR32","68","68"
"Mark Andrews","BAL","7","TE7","69","69"
"David Njoku","CLE","9","TE8","70","70"
"Isiah Pacheco","KC","10","RB23","71","71"
"Aaron Jones Sr.","MIN","6","RB24","72","72"
"Tetairoa McMillan","CAR","14","WR33","73","73"
"Tony Pollard","TEN","10","RB25","74","74"
"RJ Harvey","DEN","12","RB26","75","75"
"Rome Odunze","CHI","5","WR34","76","76"
"Joe Mixon","HOU","6","RB27","77","77"
"Kyler Murray","ARI","8","QB9","78","78"
"Evan Engram","DEN","12","TE9","79","79"
"Cooper Kupp","SEA","8","WR35","80","80"
"Brock Purdy","SF","14","QB10","81","81"
"Jakobi Meyers","LV","8","WR36","82","82"
"Stefon Diggs","NE","14","WR37","83","83"
"Pittsburgh Steelers","DST","5","DST1","84","84"
"Tyrone Tracy Jr.","NYG","14","RB28","85","85"
"Matthew Golden","GB","5","WR38","86","86"
"Houston Texans","DST","6","DST2","87","87"
"Denver Broncos","DST","12","DST3","88","88"
"Chris Godwin","TB","9","WR39","89","89"
"Chris Olave","NO","11","WR40","90","90"
"Kaleb Johnson","PIT","5","RB29","91","91"
"Brian Robinson Jr.","WAS","12","RB30","92","92"
"Justin Herbert","LAC","12","QB11","93","93"
"Jaylen Warren","PIT","5","RB31","94","94"
"Jake Bates","DET","8","K1","95","95"
"Deebo Samuel Sr.","WAS","12","WR41","96","96"
"Tucker Kraft","GB","5","TE10","97","97"
"Jordan Addison","MIN","6","WR42","98","98"
"Brandon Aubrey","DAL","10","K2","99","99"
"J.K. Dobbins","DEN","12","RB32","100","100"
"Dak Prescott","DAL","10","QB12","101","101"
"Chase McLaughlin","TB","9","K3","102","102"
"Khalil Shakir","BUF","7","WR43","103","103"
"Ricky Pearsall","SF","14","WR44","104","104"
"Baltimore Ravens","DST","7","DST4","105","105"
"Quinshon Judkins","CLE","9","RB33","106","106"
"Javonte Williams","DAL","10","RB34","107","107"
"Minnesota Vikings","DST","6","DST5","108","108"
"Jauan Jennings","SF","14","WR45","109","109"
"Keon Coleman","BUF","7","WR46","110","110"
"Rhamondre Stevenson","NE","14","RB35","111","111"
"Cameron Dicker","LAC","12","K4","112","112"
"Justin Fields","NYJ","9","QB13","113","113"
"Tyler Warren","IND","11","TE11","114","114"
"Caleb Williams","CHI","5","QB14","115","115"
"Colston Loveland","CHI","5","TE12","116","116"
"Michael Pittman Jr.","IND","11","WR47","117","117"
"Dallas Goedert","PHI","9","TE13","118","118"
"Emeka Egbuka","TB","9","WR48","119","119"
"Jared Goff","DET","8","QB15","120","120"
"Cam Skattebo","NYG","14","RB36","121","121"
"Keenan Allen","LAC","12","WR49","122","122"
"Travis Etienne Jr.","JAC","8","RB37","123","123"
"Philadelphia Eagles","DST","9","DST6","124","124"
"Jayden Reed","GB","5","WR50","125","125"
"Austin Ekeler","WAS","12","RB38","126","126"
"Dalton Kincaid","BUF","7","TE14","127","127"
"Detroit Lions","DST","8","DST7","128","128"
"Rashid Shaheed","NO","11","WR51","129","129"
"Kyle Pitts Sr.","ATL","5","TE15","130","130"
"Seattle Seahawks","DST","8","DST8","131","131"
"Drake Maye","NE","14","QB16","132","132"
"Darnell Mooney","ATL","5","WR52","133","133"
"J.J. McCarthy","MIN","6","QB17","134","134"
"Josh Downs","IND","11","WR53","135","135"
"Jordan Mason","MIN","6","RB39","136","136"
"Jordan Love","GB","5","QB18","137","137"
"Jayden Higgins","HOU","6","WR54","138","138"
"Tank Bigsby","JAC","8","RB40","139","139"
"Jake Elliott","PHI","9","K5","140","140"
"C.J. Stroud","HOU","6","QB19","141","141"
"Chris Boswell","PIT","5","K6","142","142"
"Jake Ferguson","DAL","10","TE16","143","143"
"Tyjae Spears","TEN","10","RB41","144","144"
"Jason Sanders","MIA","12","K7","145","145"
"Harrison Butker","KC","10","K8","146","146"
"Rachaad White","TB","9","RB42","147","147"
"New England Patriots","DST","14","DST9","148","148"
"Buffalo Bills","DST","7","DST10","149","149"
"Zach Charbonnet","SEA","8","RB43","150","150"
"Tyler Bass","BUF","7","K9","151","151"
"Cam Little","JAC","8","K10","152","152"
"Adam Thielen","CAR","14","WR55","153","153"
"Trey Benson","ARI","8","RB44","154","154"
"Hunter Henry","NE","14","TE17","155","155"
"Xavier Legette","CAR","14","WR56","156","156"
"Jerome Ford","CLE","9","RB45","157","157"
"Nick Chubb","HOU","6","RB46","158","158"
"Zach Ertz","WAS","12","TE18","159","159"
"Brandon Aiyuk","SF","14","WR57","160","160"
"Jaydon Blue","DAL","10","RB47","161","161"
"Tua Tagovailoa","MIA","12","QB20","162","162"
"Tyler Allgeier","ATL","5","RB48","163","163"
"Braelon Allen","NYJ","9","RB49","164","164"
"Cam Ward","TEN","10","QB21","165","165"
"Cedric Tillman","CLE","9","WR58","166","166"
"Matthew Stafford","LAR","8","QB22","167","167"
"Najee Harris","LAC","12","RB50","168","168"
"Marvin Mims Jr.","DEN","12","WR59","169","169"
"Marquise Brown","KC","10","WR60","170","170"
"Trevor Lawrence","JAC","8","QB23","171","171"
"Tyler Loop","BAL","7","K11","172","172"
"Matt Gay","WAS","12","K12","173","173"
"Indianapolis Colts","DST","11","DST11","174","174"
"Jaylen Wright","MIA","12","RB51","175","175"
"Ka'imi Fairbairn","HOU","6","K13","176","176"
"Michael Penix Jr.","ATL","5","QB24","177","177"
"Kansas City Chiefs","DST","10","DST12","178","178"
"Cairo Santos","CHI","5","K14","179","179"
"Jonnu Smith","PIT","5","TE19","180","180"
"Rashod Bateman","BAL","7","WR61","181","181"
"New York Giants","DST","14","DST13","182","182"
"San Francisco 49ers","DST","14","DST14","183","183"
"New York Jets","DST","9","DST15","184","184"
"Chig Okonkwo","TEN","10","TE20","185","185"
"Wan'Dale Robinson","NYG","14","WR62","186","186"
"Bryce Young","CAR","14","QB25","187","187"
"Shedeur Sanders","CLE","9","QB26","188","188"
"Evan McPherson","CIN","10","K15","189","189"
"Luther Burden III","CHI","5","WR63","190","190"
"Isaac Guerendo","SF","14","RB52","191","191"
"Younghoe Koo","ATL","5","K16","192","192"
"Dylan Sampson","CLE","9","RB53","193","193"
"Christian Kirk","HOU","6","WR64","194","194"
"Dallas Cowboys","DST","10","DST16","195","195"
"Aaron Rodgers","PIT","5","QB27","196","196"
"Green Bay Packers","DST","5","DST17","197","197"
"Pat Freiermuth","PIT","5","TE21","198","198"
"Tampa Bay Buccaneers","DST","9","DST18","199","199"
"Isaiah Likely","BAL","7","TE22","200","200"
"Sam Darnold","SEA","8","QB28","201","201"
"Chicago Bears","DST","5","DST19","202","202"
"Jaxson Dart","NYG","14","QB29","203","203"
"Ray Davis","BUF","7","RB54","204","204"
"Wil Lutz","DEN","12","K17","205","205"
"Cleveland Browns","DST","9","DST20","206","206"
"Arizona Cardinals","DST","8","DST21","207","207"
"Darren Waller","MIA","12","TE23","208","208"
"Bhayshul Tuten","JAC","8","RB55","209","209"
"Washington Commanders","DST","12","DST22","210","210"
"Jake Moody","SF","14","K18","211","211"
"Brandon McManus","GB","5","K19","212","212"
"Justin Tucker","","","K20","213","213"
"Geno Smith","LV","8","QB30","214","214"
"Will Reichard","MIN","6","K21","215","215"
"Daniel Carlson","LV","8","K22","216","216"
"Cade Otton","TB","9","TE24","217","217"
"Los Angeles Rams","DST","8","DST23","218","218"
"DeAndre Hopkins","BAL","7","WR65","219","219"
"Cincinnati Bengals","DST","10","DST24","220","220"
"Dalton Schultz","HOU","6","TE25","221","221"
"Los Angeles Chargers","DST","12","DST25","222","222"
"Carolina Panthers","DST","14","DST26","223","223"
"Atlanta Falcons","DST","5","DST27","224","224"
"Isaac TeSlaa","DET","8","WR66","225","225"
"Dawson Knox","BUF","7","TE26","226","226"
"Brenton Strange","JAC","8","TE27","227","227"
"Las Vegas Raiders","DST","8","DST28","228","228"
"Graham Gano","NYG","14","K23","229","229"
"Cole Kmet","CHI","5","TE28","230","230"
"Jermar Jefferson","TEN","10","RB56","231","231"
"Harrison Mevis","NYJ","9","K24","232","232"
"New Orleans Saints","DST","11","DST29","233","233"
"Tennessee Titans","DST","10","DST30","234","234"
"Dustin Hopkins","CLE","9","K25","235","235"
"Jason Myers","SEA","8","K26","236","236"
"Kirk Cousins","ATL","5","QB31","237","237"
"Nick Folk","NYJ","9","K27","238","238"
"Andy Borregales","NE","14","K28","239","239"
"Hunter Renfrow","CAR","14","WR67","240","240"
"Jacksonville Jaguars","DST","8","DST31","241","241"
"Jalen Milroe","SEA","8","QB32","242","242"
"Efton Chism III","NE","14","WR68","243","243"
"Tyler Higbee","LAR","8","TE29","244","244"
"Russell Wilson","NYG","14","QB33","245","245"
"Mike Gesicki","CIN","10","TE30","246","246"
"Jahan Dotson","PHI","9","WR69","247","247"
"Taysom Hill","NO","11","TE31","248","248"
"Noah Gray","KC","10","TE32","249","249"
"Ryan Fitzgerald","CAR","14","K29","250","250"
"Blake Grupe","NO","11","K30","251","251"
"Darnell Washington","PIT","5","TE33","252","252"
"Anthony Richardson Sr.","IND","11","QB34","253","253"
"Luke McCaffrey","WAS","12","WR70","254","254"
"Zamir White","LV","8","RB57","255","255"
"Tank Dell","HOU","6","WR71","256","256"
"Caden Davis","BUF","7","K31","257","257"
"Joe Flacco","CLE","9","QB35","258","258"
"Deshaun Watson","CLE","9","QB36","259","259"
"Odell Beckham Jr.","","","WR72","260","260"
"Scott Matlock","LAC","12","DT1","261","261"
"Tory Horton","SEA","8","WR73","262","262"
"JuJu Smith-Schuster","KC","10","WR74","263","263"
"Jimmy Horn Jr.","CAR","14","WR75","264","264"
"J.J. Taylor","HOU","6","RB58","265","265"
"Luke Musgrave","GB","5","TE34","266","266"
"Jameis Winston","NYG","14","QB37","267","267"
"Elijah Arroyo","SEA","8","TE35","268","268"
"Miami Dolphins","DST","12","DST32","269","269"
"John Samuel Shenker","","","TE36","270","270"
"Mason Crosby","","","K32","271","271"
"Kareem Hunt","KC","10","RB59","272","272"
"Jake Bobo","SEA","8","WR76","273","273"
"Ja'Tavion Sanders","CAR","14","TE37","274","274"
"Austin Hooper","NE","14","TE38","275","275"
"Jordan Travis","","","QB38","276","276"
"Will Shipley","PHI","9","RB60","277","277"
"Brock Wright","DET","8","TE39","278","278"
"Jude McAtamney","NYG","14","K33","279","279"
"Chad Ryland","ARI","8","K34","280","280"
"Matt Barkley","","","QB39","281","281"
"Joshua Dobbs","NE","14","QB40","282","282"
"Tim Patrick","DET","8","WR77","283","283"
"Troy Franklin","DEN","12","WR78","284","284"
"Mitchell Evans","CAR","14","TE40","285","285"
"Isaiah Bond","CLE","9","WR79","286","286"
"Joey Slye","TEN","10","K35","287","287"
"Mason Rudolph","PIT","5","QB41","288","288"
"Michael Pratt","TB","9","QB42","289","289"
"Tommy DeVito","NYG","14","QB43","290","290"
"Equanimeous St. Brown","SF","14","WR80","291","291"
"DeWayne McBride","","","RB61","292","292"
"Tanner McKee","PHI","9","QB44","293","293"
"Elijah Moore","BUF","7","WR81","294","294"
"Jimmy Garoppolo","LAR","8","QB45","295","295"
"Josh Oliver","MIN","6","TE41","296","296"
"KeAndre Lambert-Smith","LAC","12","WR82","297","297"
"Harold Fannin Jr.","CLE","9","TE42","298","298"
"Roman Wilson","PIT","5","WR83","299","299"
"Ezekiel Elliott","","","RB62","300","300"
"Mack Hollins","NE","14","WR84","301","301"
"Joe Milton III","DAL","10","QB46","302","302"
"Jalin Hyatt","NYG","14","WR85","303","303"
"Braxton Berrios","HOU","6","WR86","304","304"
"Luke Schoonmaker","DAL","10","TE43","305","305"
"Ja'Corey Brooks","WAS","12","WR87","306","306"
"Julian Hill","MIA","12","TE44","307","307"
"Cade Stover","HOU","6","TE45","308","308"
"Gardner Minshew II","KC","10","QB47","309","309"
"Gunnar Helm","TEN","10","TE46","310","310"
"AJ Barner","SEA","8","TE47","311","311"
"Kayshon Boutte","NE","14","WR88","312","312"
"Olamide Zaccheaus","CHI","5","WR89","313","313"
"Ty Chandler","MIN","6","RB63","314","314"
"Grant Calcaterra","PHI","9","TE48","315","315"
"Zack Moss","","","RB64","316","316"
"LaJohntay Wester","BAL","7","WR90","317","317"
"Parker Romo","NE","14","K36","318","318"
"Ben DiNucci","ATL","5","QB48","319","319"
"Elijah Higgins","ARI","8","TE49","320","320"
"Nathan Rourke","","","QB49","321","321"
"Jacob Kibodi","","","RB65","322","322"
"Craig Reynolds","DET","8","RB66","323","323"
"Will Howard","PIT","5","QB50","324","324"
"Tommy Tremble","CAR","14","TE50","325","325"
"Daniel Bellinger","NYG","14","TE51","326","326"
"Will Dissly","LAC","12","TE52","327","327"
"Jalen Royals","KC","10","WR91","328","328"
"Matthew Wright","CAR","14","K37","329","329"
"Kalif Raymond","DET","8","WR92","330","330"
"Dalvin Cook","","","RB67","331","331"
"Kendrick Bourne","NE","14","WR93","332","332"
"Mac Jones","SF","14","QB51","333","333"
"Malik Willis","GB","5","QB52","334","334"
"Hendon Hooker","DET","8","QB53","335","335"
"Stetson Bennett IV","LAR","8","QB54","336","336"
"C.J. Ham","MIN","6","RB68","337","337"
"Sam Howell","MIN","6","QB55","338","338"
"Carson Steele","KC","10","RB69","339","339"
"Kadarius Toney","","","WR94","340","340"
"Marquez Valdes-Scantling","SEA","8","WR95","341","341"
"Eddy Pineiro","","","K38","342","342"
"Jake Browning","CIN","10","QB56","343","343"
"Zach Wilson","MIA","12","QB57","344","344"
"Max Duggan","","","QB58","345","345"
"Robert Woods","PIT","5","WR96","346","346"
"Quinn Ewers","MIA","12","QB59","347","347"
"Raheem Blackshear","CAR","14","RB70","348","348"
"Terrance Ferguson","LAR","8","TE53","349","349"
"Zane Gonzalez","","","K39","350","350"
"Mitchell Trubisky","BUF","7","QB60","351","351"
"Andy Dalton","CAR","14","QB61","352","352"
"Curtis Samuel","BUF","7","WR97","353","353"
"Julio Jones","","","WR98","354","354"
"Cooper Rush","BAL","7","QB62","355","355"
"Lil'Jordan Humphrey","NYG","14","WR99","356","356"
"Tez Johnson","TB","9","WR100","357","357"
"David Moore","CAR","14","WR101","358","358"
"Tai Felton","MIN","6","WR102","359","359"
"John Ross","","","WR103","360","360"
"Randy Bullock","","","K40","361","361"
"","","","1","362","0"
"Jermaine Jackson","","","WR104","363","362"
"Julius Chestnut","TEN","10","RB71","364","363"
"Kyle Allen","DET","8","QB63","365","364"
"Jarrett Stidham","DEN","12","QB64","366","365"
"Drew Lock","SEA","8","QB65","367","366"
"Michael Badgley","","","K41","368","367"
"Mecole Hardman Jr.","GB","5","WR105","369","368"
"Teddy Bridgewater","TB","9","QB66","370","369"
"Dameon Pierce","HOU","6","RB72","371","370"
"Dallin Holker","","","TE54","372","371"
"Trey Lance","LAC","12","QB67","373","372"
"Derius Davis","LAC","12","WR106","374","373"
"Robbie Chosen","SF","14","WR107","375","374"
"Demarcus Robinson","SF","14","WR108","376","375"
"Spencer Shrader","IND","11","K42","377","376"
"Ainias Smith","PHI","9","WR109","378","377"
"Patrick Ricard","BAL","7","RB73","379","378"
"Audric Estime","DEN","12","RB74","380","379"
"","","","2","381","0"
"D.J. Montgomery","IND","11","WR110","382","380"
"Darrell Henderson Jr.","","","RB75","383","381"
"Oronde Gadsden II","LAC","12","TE55","384","382"
"Brett Maher","","","K43","385","383"
"John Bates","WAS","12","TE56","386","384"
"Jeremy Ruckert","NYJ","9","TE57","387","385"
"Devontez Walker","BAL","7","WR111","388","386"
"Tanner Brown","","","K44","389","387"
"Dontayvion Wicks","GB","5","WR112","390","388"
"Tyler Conklin","LAC","12","TE58","391","389"
"Lucky Jackson","MIN","6","WR113","392","390"
"Leonard Fournette","","","RB76","393","391"
"Greg Joseph","","","K45","394","392"
"Tyler Lockett","TEN","10","WR114","395","393"
"Antonio Gibson","NE","14","RB77","396","394"
"Donovan Peoples-Jones","NO","11","WR115","397","395"
"Adam Trautman","DEN","12","TE59","398","396"
"Deuce Vaughn","DAL","10","RB78","399","397"
"Nikko Remigio","KC","10","WR116","400","398"
"Frank Gore Jr.","BUF","7","RB79","401","399"
"Mo Alie-Cox","IND","11","TE60","402","400"
"Tyson Bagent","CHI","5","QB68","403","401"
"Noah Fant","CIN","10","TE61","404","402"
"Charlie Jones","CIN","10","WR117","405","403"
"Matt Prater","","","K46","406","404"
"Gavin Bartholomew","MIN","6","TE62","407","405"
"Anthony Brown Jr.","","","QB69","408","406"
"D.J. Williams","","","RB80","409","407"
"Arian Smith","NYJ","9","WR118","410","408"
"Marcus Mariota","WAS","12","QB70","411","409"
"Ihmir Smith-Marsette","NYG","14","WR119","412","410"
"Boston Scott","","","RB81","413","411"
"Carson Wentz","","","QB71","414","412"
"Tylan Wallace","BAL","7","WR120","415","413"
"Tommy Mellott","LV","8","QB72","416","414"
"Savion Williams","GB","5","WR121","417","415"
"Skyy Moore","KC","10","WR122","418","416"
"Matt Ammendola","","","K47","420","417"
"Scotty Miller","PIT","5","WR123","421","418"
"Kyle Trask","TB","9","QB73","422","419"
"John Metchie III","PHI","9","WR124","423","420"
"Brandon Allen","TEN","10","QB74","424","421"
"Eric Gray","NYG","14","RB82","425","422"
"Donovan Edwards","NYJ","9","RB83","426","423"
"Tyrod Taylor","NYJ","9","QB75","427","424"
"Cade York","","","K48","428","425"
"Spencer Rattler","NO","11","QB76","429","426"
"Devin Duvernay","CHI","5","WR125","430","427"
"Luke Farrell","SF","14","TE63","431","428"
"Riley Leonard","IND","11","QB77","432","429"
"Jha'Quan Jackson","TEN","10","WR126","433","430"
"Jamari Thrash","CLE","9","WR127","434","431"
"George Holani","SEA","8","RB84","435","432"
"Brayden Narveson","","","K49","436","433"
"Ryan Tannehill","","","QB78","437","434"
"Jaylin Lane","WAS","12","WR128","438","435"
"Johnny Wilson","PHI","9","WR129","439","436"
"Jalen Reagor","LAC","12","WR130","440","437"
"Damien Martinez","SEA","8","RB85","441","438"
"Robbie Ouzts","SEA","8","TE64","442","439"
"Justin Watson","HOU","6","WR131","443","440"
"Gunner Olszewski","NYG","14","WR132","444","441"
"Keith Kirkwood","BAL","7","WR133","445","442"
"Dylan Laube","LV","8","RB86","446","443"
"Cordarrelle Patterson","","","RB87","447","444"
"Jonathan Mingo","DAL","10","WR134","448","445"
"Louis Rees-Zammit","","","RB88","449","446"
"Phillip Dorsett II","LV","8","WR135","450","447"
"SaRodorick Thompson Jr.","","","RB89","451","448"
"Aidan O'Connell","LV","8","QB79","452","449"
"Bailey Zappe","KC","10","QB80","453","450"
"Sterling Shepard","TB","9","WR136","454","451"
"Jaren Hall","","","QB81","455","452"
"KhaDarel Hodge","ATL","5","WR137","456","453"
"Jermaine Burton","CIN","10","WR138","457","454"
"Riley Patterson","","","K50","458","455"
"Michael Burton","DEN","12","RB90","459","456"
"Trent Taylor","SF","14","WR139","460","457"
"Travis Homer","CHI","5","RB91","461","458"
"Case Keenum","CHI","5","QB82","462","459"
"Davis Allen","LAR","8","TE65","463","460"
"Collin Johnson","LV","8","WR140","464","461"
"Drew Sample","CIN","10","TE66","465","462"
"Cam Akers","NO","11","RB92","466","463"
"Jared Wiley","KC","10","TE67","467","464"
"Chimere Dike","TEN","10","WR141","468","465"
"Charlie Kolar","BAL","7","TE68","469","466"
"Charlie Woerner","ATL","5","TE69","470","467"
"Zay Jones","ARI","8","WR142","471","468"
"Tim Jones","MIN","6","WR143","472","469"
"KJ Hamler","BUF","7","WR144","473","470"
"LeQuint Allen Jr.","JAC","8","RB93","474","471"
"Patrick Taylor Jr.","SF","14","RB94","475","472"
"Jared Wayne","","","WR145","476","473"
"Michael Gallup","WAS","12","WR146","477","474"
"Kylen Granson","PHI","9","TE70","478","475"
"Avery Williams","PHI","9","RB95","479","476"
"Brittain Brown","CHI","5","RB96","480","477"
"Ja'Lynn Polk","NE","14","WR147","481","478"
"Austin Seibert","","","K51","482","479"
"Kyle McCord","PHI","9","QB83","483","480"
"Xavier Gipson","NYJ","9","WR148","484","481"
"Tyquan Thornton","KC","10","WR149","485","482"
"Henry Pearson","","","RB97","486","483"
"Tyreik McAllister","","","RB98","487","484"
"Malachi Corley","NYJ","9","WR150","488","485"
"Brady Russell","SEA","8","TE71","489","486"
"Tyler Scott","CHI","5","WR151","490","487"
"","","","3","491","0"
"Israel Abanikanda","GB","5","RB99","492","488"
"Terrace Marshall Jr.","PHI","9","WR152","493","489"
"Tyler Goodson","IND","11","RB100","494","490"
"Tyler Johnson","NYJ","9","WR153","495","491"
"Laquon Treadwell","IND","11","WR154","496","492"
"Rasheen Ali","BAL","7","RB101","497","493"
"Jason Cabinda","","","LB1","498","494"
"Jeff Wilson Jr.","SF","14","RB102","499","495"
"Deon Jackson","DET","8","RB103","500","496"
""
""