"Rank","Player","Team","Bye","POS","ESPN","Sleeper","NFL","RTSports","FFC","Fantrax","AVG"
"1","Ja'Marr Chase","CIN","10","WR1","1","1","1","1","","1","1.0"
"2","Bijan Robinson","ATL","5","RB1","2","3","4","2","","2","2.5"
"3","Saquon Barkley","PHI","9","RB2","3","2","2","4","","5","3.2"
"4","Justin Jefferson","MIN","6","WR2","4","4","5","6","","3","4.5"
"5","Jahmyr Gibbs","DET","8","RB3","5","5","6","3","","4","4.5"
"6","CeeDee Lamb","DAL","10","WR3","6","6","3","5","","6","5.3"
"7","Christian McCaffrey","SF","14","RB4","7","12","11","7","","8","8.8"
"8","Puka Nacua","LAR","8","WR4","8","9","7","12","","7","9.5"
"9","Amon-Ra St. Brown","DET","8","WR5","9","7","8","10","","11","9.7"
"10","Malik Nabers","NYG","14","WR6","10","10","10","8","","9","9.7"
"11","Derrick Henry","BAL","7","RB5","13","8","9","13","","13","10.5"
"12","Ashton Jeanty","LV","8","RB6","11","11","12","9","","10","10.5"
"13","De'Von Achane","MIA","12","RB7","12","14","13","11","","15","12.3"
"14","Nico Collins","HOU","6","WR7","14","13","16","14","","12","14.2"
"15","Brian Thomas Jr.","JAC","8","WR8","15","15","14","16","","14","15.5"
"16","Josh Jacobs","GB","5","RB8","18","19","18","15","","21","17.2"
"17","A.J. Brown","PHI","9","WR9","16","18","15","23","","18","19.3"
"18","Brock Bowers","LV","8","TE1","19","16","19","21","","17","19.3"
"19","Drake London","ATL","5","WR10","21","17","20","20","","16","19.8"
"20","Jonathan Taylor","IND","11","RB9","17","23","22","19","","19","20.2"
"21","Josh Allen","BUF","7","QB1","20","20","21","25","","24","21.2"
"22","Lamar Jackson","BAL","7","QB2","22","22","17","24","","28","21.3"
"23","Bucky Irving","TB","9","RB10","23","21","25","18","","22","21.5"
"24","Kyren Williams","LAR","8","RB11","31","27","24","22","","27","24.8"
"25","Chase Brown","CIN","10","RB12","25","28","34","17","","30","26.0"
"26","Ladd McConkey","LAC","12","WR11","30","24","23","30","","20","26.0"
"27","Trey McBride","ARI","8","TE2","24","26","26","28","","23","27.3"
"28","Tee Higgins","CIN","10","WR12","26","30","31","35","","26","30.0"
"29","Tyreek Hill","MIA","12","WR13","29","25","36","27","","29","30.3"
"30","Jayden Daniels","WAS","12","QB3","27","32","27","34","","35","31.0"
"31","James Cook","BUF","7","RB13","33","33","28","31","","34","31.2"
"32","Jaxon Smith-Njigba","SEA","8","WR14","36","29","39","33","","25","33.7"
"33","Breece Hall","NYJ","9","RB14","50","34","30","26","","33","33.8"
"34","Joe Burrow","CIN","10","QB4","32","40","35","36","","39","34.2"
"35","Jalen Hurts","PHI","9","QB5","28","35","32","44","","42","35.7"
"36","Alvin Kamara","NO","11","RB15","38","39","46","32","","43","37.5"
"37","Garrett Wilson","NYJ","9","WR15","41","31","37","39","","31","37.7"
"38","George Kittle","SF","14","TE3","35","37","38","40","","41","38.3"
"39","Davante Adams","LAR","8","WR16","34","43","42","41","","38","38.8"
"40","Omarion Hampton","LAC","12","RB16","40","41","48","29","","36","39.2"
"41","Mike Evans","TB","9","WR17","42","38","33","47","","37","39.2"
"42","Kenneth Walker III","SEA","8","RB17","37","44","40","37","","49","40.2"
"43","Marvin Harrison Jr.","ARI","8","WR18","46","36","41","43","","32","40.5"
"44","Terry McLaurin","WAS","12","WR19","39","42","29","49","","44","41.0"
"45","Chuba Hubbard","CAR","14","RB18","43","46","53","38","","50","45.7"
"46","DJ Moore","CHI","5","WR20","54","49","47","48","","40","48.5"
"47","James Conner","ARI","8","RB19","49","50","49","46","","55","48.5"
"48","DK Metcalf","PIT","5","WR21","45","45","58","52","","52","50.0"
"49","Patrick Mahomes II","KC","10","QB6","44","52","44","61","","60","51.2"
"50","Courtland Sutton","DEN","12","WR22","59","51","52","50","","48","52.3"
"51","TreVeyon Henderson","NE","14","RB20","52","62","64","42","","45","52.8"
"52","Sam LaPorta","DET","8","TE4","47","48","45","66","","58","53.8"
"53","DeVonta Smith","PHI","9","WR23","61","53","54","56","","47","54.7"
"54","Xavier Worthy","KC","10","WR24","48","55","67","63","","46","54.8"
"55","Rashee Rice","KC","10","WR25","58","47","43","62","","69","58.3"
"56","David Montgomery","DET","8","RB21","60","54","66","58","","62","59.3"
"57","D'Andre Swift","CHI","5","RB22","57","70","60","45","","77","60.0"
"58","Jameson Williams","DET","8","WR26","67","60","56","64","","51","60.8"
"59","Zay Flowers","BAL","7","WR27","55","56","71","70","","54","61.5"
"60","Tetairoa McMillan","CAR","14","WR28","73","59","74","53","","53","62.8"
"61","T.J. Hockenson","MIN","6","TE5","53","57","51","74","","72","63.3"
"62","Baker Mayfield","TB","9","QB7","51","67","59","73","","76","63.5"
"63","Travis Kelce","KC","10","TE6","56","63","57","65","","80","63.7"
"64","Calvin Ridley","TEN","10","WR29","62","72","69","57","","61","64.5"
"65","Aaron Jones Sr.","MIN","6","RB23","72","69","75","59","","65","64.8"
"66","RJ Harvey","DEN","12","RB24","75","64","72","51","","67","64.8"
"67","Isiah Pacheco","KC","10","RB25","71","61","62","55","","75","65.5"
"68","George Pickens","DAL","10","WR30","63","58","76","69","","63","65.5"
"69","Travis Hunter","JAC","8","WR31","64","66","61","72","","57","66.0"
"70","Tony Pollard","TEN","10","RB26","74","76","80","54","","71","69.5"
"71","Joe Mixon","HOU","6","RB27","77","65","50","67","","110","71.2"
"72","Bo Nix","DEN","12","QB8","65","71","65","80","","78","71.5"
"73","Jaylen Waddle","MIA","12","WR32","68","68","86","78","","56","73.0"
"74","Mark Andrews","BAL","7","TE7","69","73","55","93","","88","75.0"
"75","Jerry Jeudy","CLE","9","WR33","66","74","99","68","","68","75.3"
"76","Kaleb Johnson","PIT","5","RB28","91","79","81","60","","73","76.5"
"77","Rome Odunze","CHI","5","WR34","76","80","91","86","","59","81.0"
"78","Chris Olave","NO","11","WR35","90","75","88","76","","66","81.3"
"79","Brian Robinson Jr.","WAS","12","RB29","92","83","90","77","","83","82.2"
"80","Deebo Samuel Sr.","WAS","12","WR36","96","84","97","81","","70","84.7"
"81","Tyrone Tracy Jr.","NYG","14","RB30","85","88","106","71","","81","85.3"
"82","Stefon Diggs","NE","14","WR37","83","89","96","79","","79","85.3"
"83","Evan Engram","DEN","12","TE8","79","81","77","88","","93","85.5"
"84","Kyler Murray","ARI","8","QB9","78","94","82","99","","87","86.3"
"85","Cooper Kupp","SEA","8","WR38","80","85","105","83","","82","87.0"
"86","Jakobi Meyers","LV","8","WR39","82","82","122","90","","74","87.3"
"87","Jordan Addison","MIN","6","WR40","98","78","94","92","","64","87.7"
"88","David Njoku","CLE","9","TE9","70","86","84","109","","100","88.0"
"89","Jaylen Warren","PIT","5","RB31","94","96","108","75","","85","91.2"
"90","Chris Godwin","TB","9","WR41","89","92","87","87","","113","91.8"
"91","Matthew Golden","GB","5","WR42","86","95","120","84","","92","96.5"
"92","Quinshon Judkins","CLE","9","RB32","106","77","93","98","","105","97.2"
"93","Ricky Pearsall","SF","14","WR43","104","100","117","91","","91","98.0"
"94","Khalil Shakir","BUF","7","WR44","103","91","102","106","","86","99.8"
"95","Brock Purdy","SF","14","QB10","81","107","103","122","","96","100.2"
"96","Travis Etienne Jr.","JAC","8","RB33","123","93","116","85","","90","100.5"
"97","Jauan Jennings","SF","14","WR45","109","98","110","97","","84","100.7"
"98","Jared Goff","DET","8","QB11","120","87","100","112","","97","100.7"
"99","Cam Skattebo","NYG","14","RB34","121","99","98","100","","94","102.2"
"100","Tyler Warren","IND","11","TE10","114","90","107","107","","98","104.2"
"101","Dak Prescott","DAL","10","QB12","101","116","119","104","","109","105.5"
"102","Javonte Williams","DAL","10","RB35","107","108","140","89","","108","107.2"
"103","Justin Fields","NYJ","9","QB13","113","150","63","117","","103","109.3"
"104","Emeka Egbuka","TB","9","WR46","119","101","149","96","","89","109.5"
"105","Jordan Mason","MIN","6","RB36","136","106","147","82","","95","110.8"
"106","Justin Herbert","LAC","12","QB14","93","103","123","125","","107","110.8"
"107","J.K. Dobbins","DEN","12","RB37","100","111","158","94","","106","111.0"
"108","Denver Broncos","DST","12","DST1","88","128","83","135","","126","111.3"
"109","Brandon Aubrey","DAL","10","K1","99","126","70","126","","142","111.7"
"110","Rhamondre Stevenson","NE","14","RB38","111","123","124","102","","102","112.5"
"111","Tucker Kraft","GB","5","TE11","97","113","118","115","","115","112.7"
"112","Jayden Reed","GB","5","WR47","125","104","126","113","","104","114.8"
"113","Colston Loveland","CHI","5","TE12","116","105","113","105","","122","115.7"
"114","Philadelphia Eagles","DST","9","DST2","124","97","92","145","","150","116.3"
"115","Zach Charbonnet","SEA","8","RB39","150","112","154","95","","101","118.3"
"116","Caleb Williams","CHI","5","QB15","115","139","112","111","","130","122.0"
"117","Keon Coleman","BUF","7","WR48","110","121","143","124","","117","122.8"
"118","Michael Pittman Jr.","IND","11","WR49","117","119","170","114","","99","123.2"
"119","Josh Downs","IND","11","WR50","135","109","138","118","","114","124.2"
"120","Baltimore Ravens","DST","7","DST3","105","127","121","164","","123","125.3"
"121","Najee Harris","LAC","12","RB40","168","136","115","116","","128","128.0"
"122","Dalton Kincaid","BUF","7","TE13","127","110","128","146","","125","130.3"
"123","Jake Bates","DET","8","K2","95","129","104","158","","136","131.0"
"124","C.J. Stroud","HOU","6","QB16","141","117","131","148","","121","131.0"
"125","Brandon Aiyuk","SF","14","WR51","160","120","125","134","","127","132.7"
"126","Pittsburgh Steelers","DST","5","DST4","84","115","129","156","","183","133.5"
"127","Drake Maye","NE","14","QB17","132","144","144","136","","112","134.0"
"128","Dallas Goedert","PHI","9","TE14","118","125","134","167","","144","134.5"
"129","Cameron Dicker","LAC","12","K3","112","131","79","149","","175","134.7"
"130","Kyle Pitts Sr.","ATL","5","TE15","130","114","130","137","","149","134.7"
"131","Jonnu Smith","PIT","5","TE16","180","102","73","144","","162","136.8"
"132","Jordan Love","GB","5","QB18","137","142","136","154","","133","137.7"
"133","Darnell Mooney","ATL","5","WR52","133","122","175","133","","151","138.2"
"134","Buffalo Bills","DST","7","DST5","149","130","95","147","","185","138.7"
"135","Houston Texans","DST","6","DST6","87","135","141","155","","164","138.8"
"136","Jaydon Blue","DAL","10","RB41","161","145","152","103","","143","138.8"
"137","Rachaad White","TB","9","RB42","147","154","139","120","","141","138.8"
"138","Jake Ferguson","DAL","10","TE17","143","124","156","131","","140","139.5"
"139","Tyjae Spears","TEN","10","RB43","144","147","181","108","","120","140.2"
"140","Tank Bigsby","JAC","8","RB44","139","148","207","101","","124","140.3"
"141","Austin Ekeler","WAS","12","RB45","126","156","167","119","","158","141.2"
"142","Minnesota Vikings","DST","6","DST7","108","134","146","168","","166","142.8"
"143","Chase McLaughlin","TB","9","K4","102","137","111","173","","172","143.3"
"144","J.J. McCarthy","MIN","6","QB19","134","151","150","142","","129","143.5"
"145","Jayden Higgins","HOU","6","WR53","138","118","205","132","","119","145.8"
"146","Rashid Shaheed","NO","11","WR54","129","140","183","160","","116","147.7"
"147","Christian Kirk","HOU","6","WR55","194","164","169","162","","111","154.5"
"148","Marvin Mims Jr.","DEN","12","WR56","169","152","173","138","","118","154.7"
"149","Keenan Allen","LAC","12","WR57","122","162","234","128","","135","154.7"
"150","Zach Ertz","WAS","12","TE18","159","153","163","170","","170","155.2"
"151","Chris Boswell","PIT","5","K5","142","133","68","197","","199","155.7"
"152","Nick Chubb","HOU","6","RB46","158","141","195","129","","186","157.7"
"153","Bhayshul Tuten","JAC","8","RB47","209","174","157","139","","132","158.3"
"154","Isaac Guerendo","SF","14","RB48","191","170","190","127","","134","159.0"
"155","Trevor Lawrence","JAC","8","QB20","171","173","177","150","","131","160.2"
"156","Trey Benson","ARI","8","RB49","154","163","229","123","","139","160.3"
"157","Jerome Ford","CLE","9","RB50","157","183","246","110","","153","164.5"
"158","Tyler Allgeier","ATL","5","RB51","163","185","174","143","","163","165.8"
"159","Ka'imi Fairbairn","HOU","6","K6","176","167","89","166","","204","166.0"
"160","Marquise Brown","KC","10","WR58","170","194","114","171","","138","166.5"
"161","Detroit Lions","DST","8","DST8","128","132","148","195","","212","166.7"
"162","San Francisco 49ers","DST","14","DST9","183","160","78","212","","182","166.8"
"163","Braelon Allen","NYJ","9","RB52","164","179","215","121","","174","167.7"
"164","Tua Tagovailoa","MIA","12","QB21","162","210","191","152","","147","169.0"
"165","Hunter Henry","NE","14","TE19","155","172","172","163","","179","169.0"
"166","Jake Elliott","PHI","9","K7","140","143","132","204","","217","170.5"
"167","Rashod Bateman","BAL","7","WR59","181","166","185","192","","160","170.7"
"168","Kansas City Chiefs","DST","10","DST10","178","158","135","186","","191","171.5"
"169","Ray Davis","BUF","7","RB53","204","176","214","130","","146","171.8"
"170","Luther Burden III","CHI","5","WR60","190","155","213","157","","145","171.8"
"171","Adam Thielen","CAR","14","WR61","153","171","208","191","","148","173.2"
"172","Harrison Butker","KC","10","K8","146","138","142","187","","251","175.7"
"173","Cam Ward","TEN","10","QB22","165","161","164","222","","155","176.0"
"174","Bryce Young","CAR","14","QB23","187","188","187","180","","152","180.3"
"175","Michael Penix Jr.","ATL","5","QB24","177","180","186","189","","188","181.5"
"176","Xavier Legette","CAR","14","WR62","156","192","203","184","","154","181.7"
"177","Jason Sanders","MIA","12","K9","145","245","109","208","","210","182.2"
"178","Matthew Stafford","LAR","8","QB25","167","195","165","246","","181","183.2"
"179","Jaylen Wright","MIA","12","RB54","175","193","233","151","","178","184.2"
"180","Dylan Sampson","CLE","9","RB55","193","181","254","141","","156","184.5"
"181","Tyler Bass","BUF","7","K10","151","165","145","243","","219","184.5"
"182","Isaiah Likely","BAL","7","TE20","200","169","155","196","","203","186.5"
"183","Wil Lutz","DEN","12","K11","205","206","133","175","","224","192.0"
"184","Wan'Dale Robinson","NYG","14","WR63","186","199","255","188","","167","193.5"
"185","Seattle Seahawks","DST","8","DST11","131","177","178","271","","221","196.2"
"186","Green Bay Packers","DST","5","DST12","197","205","192","241","","194","196.5"
"187","Geno Smith","LV","8","QB26","214","223","200","207","","157","196.7"
"188","Tyler Loop","BAL","7","K12","172","159","204","234","","201","198.0"
"189","Cedric Tillman","CLE","9","WR64","166","190","302","181","","161","200.7"
"190","Brenton Strange","JAC","8","TE21","227","184","247","176","","173","201.7"
"191","Pat Freiermuth","PIT","5","TE22","198","203","176","245","","187","202.7"
"192","Cam Little","JAC","8","K13","152","175","159","221","","317","202.8"
"193","Los Angeles Chargers","DST","12","DST13","222","236","153","251","","195","204.5"
"194","Cade Otton","TB","9","TE23","217","216","210","183","","192","205.8"
"195","Evan McPherson","CIN","10","K14","189","178","184","249","","258","208.2"
"196","Dallas Cowboys","DST","10","DST14","195","231","160","213","","289","210.3"
"197","Darren Waller","MIA","12","TE24","208","211","194","244","","255","211.5"
"198","Kareem Hunt","KC","10","RB56","272","196","201","177","","215","211.8"
"199","Younghoe Koo","ATL","5","K15","192","157","168","276","","295","215.0"
"200","Arizona Cardinals","DST","8","DST15","207","230","151","232","","256","216.0"
"201","Los Angeles Rams","DST","8","DST16","218","235","196","201","","234","217.5"
"202","Tre' Harris","LAC","12","WR65","","149","161","169","","137","161.6"
"203","Washington Commanders","DST","12","DST17","210","146","166","269","","310","218.2"
"204","New York Giants","DST","14","DST18","182","234","189","223","","331","223.2"
"205","New York Jets","DST","9","DST19","184","237","209","264","","277","228.5"
"206","Rico Dowdle","CAR","14","RB57","","200","217","140","","159","182.6"
"207","Will Shipley","PHI","9","RB58","277","224","308","211","","209","240.7"
"208","DeAndre Hopkins","BAL","7","WR66","219","201","182","159","","202","192.6"
"209","Tampa Bay Buccaneers","DST","9","DST20","199","187","137","274","","180","195.4"
"210","Sam Darnold","SEA","8","QB27","201","217","198","199","","169","196.8"
"211","Jack Bech","LV","8","WR67","","189","232","161","","213","201.2"
"212","Romeo Doubs","GB","5","WR68","","219","226","190","","165","201.2"
"213","Chig Okonkwo","TEN","10","TE25","185","212","225","185","","206","202.6"
"214","Aaron Rodgers","PIT","5","QB28","196","215","193","231","","197","206.4"
"215","DeMario Douglas","NE","14","WR69","","197","266","178","","190","207.2"
"216","Justice Hill","BAL","7","RB59","","229","230","165","","214","212.0"
"217","Matt Gay","WAS","12","K16","173","","180","252","","309","214.0"
"218","Chicago Bears","DST","5","DST21","202","","85","253","","316","215.0"
"219","Quentin Johnston","LAC","12","WR70","","225","258","258","","176","218.8"
"220","Daniel Carlson","LV","8","K17","216","204","162","268","","250","220.0"
"221","Roschon Johnson","CHI","5","RB60","","221","291","194","","227","221.0"
"222","New England Patriots","DST","14","DST22","148","207","188","267","","311","224.2"
"223","Dalton Schultz","HOU","6","TE26","221","228","218","235","","223","225.0"
"224","Elijah Arroyo","SEA","8","TE27","268","186","268","216","","205","228.6"
"225","Mike Gesicki","CIN","10","TE28","246","198","257","263","","189","230.6"
"226","Anthony Richardson Sr.","IND","11","QB29","253","227","219","236","","222","231.4"
"227","Raheem Mostert","LV","8","RB61","","247","239","242","","232","231.6"
"228","Brandon McManus","GB","5","K18","212","","202","210","","326","232.8"
"229","Will Reichard","MIN","6","K19","215","233","197","270","","282","239.4"
"230","Kendre Miller","NO","11","RB62","","269","352","229","","184","243.4"
"231","MarShawn Lloyd","GB","5","RB63","","268","295","219","","231","245.2"
"232","Jake Moody","SF","14","K20","211","232","199","273","","319","246.8"
"233","Isaac TeSlaa","DET","8","WR71","225","238","238","248","","297","249.2"
"234","Kyle Williams","NE","14","WR72","","168","221","206","","168","190.8"
"235","Jalen McMillan","TB","9","WR73","","202","216","179","","177","193.5"
"236","Joshua Palmer","BUF","7","WR74","","191","236","193","","171","197.8"
"237","Ja'Tavion Sanders","CAR","14","TE29","274","257","275","272","","244","264.4"
"238","Trevor Etienne","CAR","14","RB64","","321","262","247","","279","265.0"
"239","Tory Horton","SEA","8","WR75","262","240","341","256","","263","272.4"
"240","Zack Moss","","","RB65","316","336","212","233","","276","274.6"
"241","Blake Corum","LAR","8","RB66","","218","241","218","","198","218.8"
"242","Shedeur Sanders","CLE","9","QB30","188","208","206","","","280","220.5"
"243","Taysom Hill","NO","11","TE30","248","338","280","","","388","279.6"
"244","Cincinnati Bengals","DST","10","DST23","220","","101","265","","329","228.8"
"245","Jaxson Dart","NYG","14","QB31","203","239","248","","","230","230.0"
"246","Miles Sanders","DAL","10","RB67","","244","261","198","","220","230.8"
"247","Alec Pierce","IND","11","WR76","","246","251","227","","200","231.0"
"248","Mason Taylor","NYJ","9","TE31","","213","267","224","","225","232.3"
"249","Cleveland Browns","DST","9","DST24","206","","127","275","","325","233.3"
"250","Russell Wilson","NYG","14","QB32","245","261","231","","","207","236.0"
"251","Cole Kmet","CHI","5","TE32","230","283","228","","","218","239.8"
"252","Dont'e Thornton Jr.","LV","8","WR77","","182","271","226","","291","242.5"
"253","DJ Giddens","IND","11","RB68","","252","316","209","","193","242.5"
"254","Calvin Austin III","PIT","5","WR78","","251","265","","","235","243.5"
"255","Jacory Croskey-Merritt","WAS","12","RB69","","209","331","172","","266","244.5"
"256","Keaton Mitchell","BAL","7","RB70","","242","287","200","","261","247.5"
"257","Dontayvion Wicks","GB","5","WR79","390","292","312","280","","216","298.0"
"258","Elijah Mitchell","KC","10","RB71","","288","253","205","","248","248.5"
"259","Jalen Royals","KC","10","WR80","328","248","435","262","","233","301.2"
"260","Kyle Monangai","CHI","5","RB72","","241","315","153","","314","255.8"
"261","Indianapolis Colts","DST","11","DST25","174","290","227","","","335","256.5"
"262","Noah Gray","KC","10","TE33","249","278","243","","","273","260.8"
"263","Jalen Milroe","SEA","8","QB33","242","280","281","","","247","262.5"
"264","Kayshon Boutte","NE","14","WR81","312","342","396","215","","287","310.4"
"265","Las Vegas Raiders","DST","8","DST26","228","276","224","","","327","263.8"
"266","Jaylin Noel","HOU","6","WR82","","254","367","239","","196","264.0"
"267","Jaleel McLaughlin","DEN","12","RB73","","310","171","278","","299","264.5"
"268","Ollie Gordon II","MIA","12","RB74","","243","296","203","","324","266.5"
"269","Miami Dolphins","DST","12","DST27","269","265","222","","","315","267.8"
"270","New Orleans Saints","DST","11","DST28","233","279","242","","","323","269.3"
"271","Woody Marks","HOU","6","RB75","","214","383","174","","307","269.5"
"272","Tyler Higbee","LAR","8","TE34","244","315","270","","","254","270.8"
"273","Roman Wilson","PIT","5","WR83","299","273","399","281","","334","317.2"
"274","Adonai Mitchell","IND","11","WR84","","253","337","259","","238","271.8"
"275","Darius Slayton","NYG","14","WR85","","270","323","257","","243","273.3"
"276","Joe Flacco","CLE","9","QB34","258","298","276","","","269","275.3"
"277","Justin Tucker","","","K21","213","272","269","","","351","276.3"
"278","Jordan James","SF","14","RB76","","275","326","250","","260","277.8"
"279","Tyler Lockett","TEN","10","WR86","395","222","237","","","264","279.5"
"280","Brashard Smith","KC","10","RB77","","255","384","254","","226","279.8"
"281","Dyami Brown","JAC","8","WR87","","259","379","255","","237","282.5"
"282","Pat Bryant","DEN","12","WR88","","226","402","261","","259","287.0"
"283","Tennessee Titans","DST","10","DST29","234","256","264","","","396","287.5"
"284","Jacksonville Jaguars","DST","8","DST30","241","296","244","","","370","287.8"
"285","Tahj Brooks","CIN","10","RB78","","249","434","202","","267","288.0"
"286","Troy Franklin","DEN","12","WR89","284","302","313","","","268","291.8"
"287","Jarquez Hunter","LAR","8","RB79","","250","553","182","","236","305.3"
"288","Atlanta Falcons","DST","5","DST31","224","","220","","","240","228.0"
"289","Jason Myers","SEA","8","K22","236","","179","","","283","232.7"
"290","Antonio Gibson","NE","14","RB80","396","","311","225","","292","306.0"
"291","Joshua Karty","LAR","8","K23","","","211","266","","265","247.3"
"292","Cairo Santos","CHI","5","K24","179","","223","","","348","250.0"
"293","Terrance Ferguson","LAR","8","TE35","349","262","354","","","285","312.5"
"294","Tyler Conklin","LAC","12","TE36","391","330","263","","","272","314.0"
"295","Marquez Valdes-Scantling","SEA","8","WR90","341","331","310","","","274","314.0"
"296","Elic Ayomanor","TEN","10","WR91","","220","327","","","211","252.7"
"297","Devin Singletary","NYG","14","RB81","","","259","230","","298","262.3"
"298","Samaje Perine","CIN","10","RB82","","","305","","","341","265.0"
"299","Juwan Johnson","NO","11","TE37","","274","282","","","241","265.7"
"300","Andrei Iosivas","CIN","10","WR92","","267","285","","","252","268.0"
"301","Diontae Johnson","CLE","9","WR93","","289","277","","","242","269.3"
"302","A.J. Dillon","PHI","9","RB83","","","298","217","","294","269.7"
"303","Jalen Coker","CAR","14","WR94","","258","348","","","208","271.3"
"304","Ray-Ray McCloud III","ATL","5","WR95","","","322","214","","278","271.3"
"305","Devin Neal","NO","11","RB84","","263","497","277","","281","329.5"
"306","Sean Tucker","TB","9","RB85","","","307","238","","275","273.3"
"307","Noah Fant","CIN","10","TE38","404","348","250","","","320","330.5"
"308","Dameon Pierce","HOU","6","RB86","371","","300","260","","393","331.0"
"309","Jalen Nailor","MIN","6","WR96","","","306","237","","288","277.0"
"310","Audric Estime","DEN","12","RB87","380","345","336","","","271","333.0"
"311","Theo Johnson","NYG","14","TE39","","266","314","","","257","279.0"
"312","Michael Wilson","ARI","8","WR97","","264","335","","","239","279.3"
"313","Kirk Cousins","ATL","5","QB35","237","","272","","","332","280.3"
"314","Ty Johnson","BUF","7","RB88","","","317","220","","305","280.7"
"315","Luke McCaffrey","WAS","12","WR98","254","","303","","","286","281.0"
"316","Dawson Knox","BUF","7","TE40","226","","245","","","380","283.7"
"317","Andy Borregales","NE","14","K25","239","","278","","","336","284.3"
"318","Tyler Shough","NO","11","QB36","","285","343","","","229","285.7"
"319","Tank Dell","HOU","6","WR99","256","","256","","","349","287.0"
"320","Harold Fannin Jr.","CLE","9","TE41","298","271","476","","","330","343.8"
"321","Amari Cooper","","","WR100","","260","370","","","249","293.0"
"322","Blake Grupe","NO","11","K26","251","","235","","","399","295.0"
"323","Daniel Jones","IND","11","QB37","","299","340","","","246","295.0"
"324","Graham Gano","NYG","14","K27","229","","252","","","405","295.3"
"325","Carolina Panthers","DST","14","DST32","223","","279","","","392","298.0"
"326","Chad Ryland","ARI","8","K28","280","","274","","","345","299.7"
"327","Tutu Atwell","LAR","8","WR101","","323","325","","","253","300.3"
"328","Dustin Hopkins","CLE","9","K29","235","","273","","","407","305.0"
"329","Kenneth Gainwell","PIT","5","RB89","","","283","228","","409","306.7"
"330","Elijah Moore","BUF","7","WR102","294","","293","","","337","308.0"
"331","Hunter Renfrow","CAR","14","WR103","240","","330","","","356","308.7"
"332","Jameis Winston","NYG","14","QB38","267","","339","","","321","309.0"
"333","Luke Musgrave","GB","5","TE42","266","","334","","","346","315.3"
"334","Christian Watson","GB","5","WR104","","306","342","","","301","316.3"
"335","Zamir White","LV","8","RB90","255","","362","","","353","323.3"
"336","Michael Mayer","LV","8","TE43","","350","289","","","333","324.0"
"337","Darnell Washington","PIT","5","TE44","252","","286","","","436","324.7"
"338","Joey Slye","TEN","10","K30","287","","288","","","401","325.3"
"339","AJ Barner","SEA","8","TE45","311","","292","","","374","325.7"
"340","Jahan Dotson","PHI","9","WR105","247","","301","","","432","326.7"
"341","Joe Milton III","DAL","10","QB39","302","","319","","","369","330.0"
"342","Emanuel Wilson","GB","5","RB91","","","365","279","","347","330.3"
"343","Will Dissly","LAC","12","TE46","327","","290","","","378","331.7"
"344","Matthew Wright","CAR","14","K31","329","","324","","","344","332.3"
"345","Tim Patrick","DET","8","WR106","283","","320","","","408","337.0"
"346","Efton Chism III","NE","14","WR107","243","","359","","","411","337.7"
"347","Austin Hooper","NE","14","TE47","275","","328","","","412","338.3"
"348","JuJu Smith-Schuster","KC","10","WR108","263","","260","","","","261.5"
"349","Mason Rudolph","PIT","5","QB40","288","","356","","","384","342.7"
"350","Jalen Tolbert","DAL","10","WR109","","","284","","","245","264.5"
"351","Oronde Gadsden II","LAC","12","TE48","384","304","531","","","342","390.3"
"352","KaVontae Turpin","DAL","10","WR110","","","240","","","300","270.0"
"353","Olamide Zaccheaus","CHI","5","WR111","313","","412","","","322","349.0"
"354","Tanner McKee","PHI","9","QB41","293","","381","","","375","349.7"
"355","Damien Martinez","SEA","8","RB92","441","","390","","","228","353.0"
"356","Jimmy Horn Jr.","CAR","14","WR112","264","","297","","","","280.5"
"357","Jordan Whittington","LAR","8","WR113","","324","430","","","308","354.0"
"358","Tre Tucker","LV","8","WR114","","","294","","","270","282.0"
"359","Jimmy Garoppolo","LAR","8","QB42","295","","405","","","371","357.0"
"360","Nick Folk","NYJ","9","K32","238","","338","","","","288.0"
"361","Jake Bobo","SEA","8","WR115","273","","353","","","450","358.7"
"362","Josh Oliver","MIN","6","TE49","296","","329","","","454","359.7"
"363","Mack Hollins","NE","14","WR116","301","","355","","","429","361.7"
"364","Spencer Shrader","IND","11","K33","377","","309","","","402","362.7"
"365","Jermar Jefferson","TEN","10","RB93","231","","360","","","","295.5"
"366","Xavier Restrepo","TEN","10","WR117","","294","479","","","318","363.7"
"367","Nick Westbrook-Ikhine","MIA","12","WR118","","","299","","","293","296.0"
"368","Will Howard","PIT","5","QB43","324","","344","","","425","364.3"
"369","Tai Felton","MIN","6","WR119","359","","439","","","296","364.7"
"370","Luke Schoonmaker","DAL","10","TE50","305","","351","","","443","366.3"
"371","Ben Sinnott","WAS","12","TE51","","303","471","","","328","367.3"
"372","Allen Lazard","NYJ","9","WR120","","","321","","","284","302.5"
"373","Craig Reynolds","DET","8","RB94","323","","388","","","394","368.3"
"374","Brandin Cooks","NO","11","WR121","","","304","","","302","303.0"
"375","Malik Willis","GB","5","QB44","334","","422","","","350","368.7"
"376","Devaughn Vele","DEN","12","WR122","","","345","","","262","303.5"
"377","Caden Davis","BUF","7","K34","257","","446","","","406","369.7"
"378","Brock Wright","DET","8","TE52","278","","332","","","","305.0"
"379","Elijah Higgins","ARI","8","TE53","320","","364","","","428","370.7"
"380","Mac Jones","SF","14","QB45","333","","361","","","420","371.3"
"381","Ryan Fitzgerald","CAR","14","K35","250","","366","","","","308.0"
"382","Demarcus Robinson","SF","14","WR123","376","","350","","","391","372.3"
"383","Tez Johnson","TB","9","WR124","357","","452","","","313","374.0"
"384","KeAndre Lambert-Smith","LAC","12","WR125","297","","466","","","360","374.3"
"385","Ty Chandler","MIN","6","RB95","314","","363","","","446","374.3"
"386","Curtis Samuel","BUF","7","WR126","353","","372","","","403","376.0"
"387","Odell Beckham Jr.","","","WR127","260","","369","","","","314.5"
"388","Harrison Mevis","NYJ","9","K36","232","","400","","","","316.0"
"389","Grant Calcaterra","PHI","9","TE54","315","","318","","","","316.5"
"390","Jarrett Stidham","DEN","12","QB46","366","","411","","","363","380.0"
"391","Deshaun Watson","CLE","9","QB47","259","","385","","","","322.0"
"392","Robert Woods","PIT","5","WR128","346","","368","","","430","381.3"
"393","Julian Hill","MIA","12","TE55","307","","397","","","441","381.7"
"394","Parker Romo","NE","14","K37","318","","333","","","","325.5"
"395","Kalif Raymond","DET","8","WR129","330","","371","","","453","384.7"
"396","David Moore","CAR","14","WR130","358","","375","","","427","386.7"
"397","Mitchell Trubisky","BUF","7","QB48","351","","440","","","373","388.0"
"398","Joshua Dobbs","NE","14","QB49","282","","386","","","","334.0"
"399","J.J. Taylor","HOU","6","RB96","265","","416","","","","340.5"
"400","Spencer Rattler","NO","11","QB50","429","","346","","","410","395.0"
"401","Carson Steele","KC","10","RB97","339","","347","","","","343.0"
"402","Tommy Tremble","CAR","14","TE56","325","","448","","","413","395.3"
"403","Marcus Mariota","WAS","12","QB51","411","","436","","","340","395.7"
"404","Jude McAtamney","NYG","14","K38","279","","473","","","440","397.3"
"405","Cooper Rush","BAL","7","QB52","355","","442","","","398","398.3"
"406","Parker Washington","JAC","8","WR131","","","394","","","304","349.0"
"407","Gardner Minshew II","KC","10","QB53","309","","498","","","395","400.7"
"408","Andy Dalton","CAR","14","QB54","352","","403","","","447","400.7"
"409","Jake Browning","CIN","10","QB55","343","","495","","","365","401.0"
"410","Savion Williams","GB","5","WR132","417","","767","","","290","491.3"
"411","Greg Joseph","","","K39","394","","376","","","438","402.7"
"412","Sam Howell","MIN","6","QB56","338","","658","","","377","457.7"
"413","Noah Brown","WAS","12","WR133","","","373","","","343","358.0"
"414","Jermaine Burton","CIN","10","WR134","457","351","468","","","442","429.5"
"415","John Metchie III","PHI","9","WR135","423","","423","","","381","409.0"
"416","Jalin Hyatt","NYG","14","WR136","303","","425","","","","364.0"
"417","Kenny Pickett","CLE","9","QB57","","","391","","","338","364.5"
"418","Kendrick Bourne","NE","14","WR137","332","","441","","","456","409.7"
"419","Deuce Vaughn","DAL","10","RB98","399","","392","","","439","410.0"
"420","Gunnar Helm","TEN","10","TE57","310","","551","","","424","428.3"
"421","Malik Washington","MIA","12","WR138","","","431","","","306","368.5"
"422","Mitchell Evans","CAR","14","TE58","285","","756","","","455","498.7"
"423","Drew Lock","SEA","8","QB58","367","","377","","","","372.0"
"424","Mo Alie-Cox","IND","11","TE59","402","","407","","","437","415.3"
"425","Quinn Ewers","MIA","12","QB59","347","","401","","","","374.0"
"426","Kyle Juszczyk","SF","14","RB99","","","249","","","","249.0"
"427","LaJohntay Wester","BAL","7","WR139","317","","433","","","","375.0"
"428","Leonard Fournette","","","RB100","393","","","","","358","375.5"
"429","Tommy DeVito","NYG","14","QB60","290","","463","","","","376.5"
"430","Adam Trautman","DEN","12","TE60","398","","358","","","","378.0"
"431","Mecole Hardman Jr.","GB","5","WR140","369","","387","","","","378.0"
"432","Scott Matlock","LAC","12","DT1","261","","","","","","261.0"
"433","Zane Gonzalez","","","K40","350","","566","","","415","443.7"
"434","Zach Wilson","MIA","12","QB61","344","","635","","","422","467.0"
"435","Cam Akers","NO","11","RB101","466","","414","","","387","422.3"
"436","John Samuel Shenker","","","TE61","270","","","","","","270.0"
"437","Mason Crosby","","","K41","271","","","","","","271.0"
"438","Jordan Travis","","","QB62","276","","","","","","276.0"
"439","Ainias Smith","PHI","9","WR141","378","","398","","","","388.0"
"440","Equanimeous St. Brown","SF","14","WR142","291","","489","","","","390.0"
"441","Matt Barkley","","","QB63","281","","","","","","281.0"
"442","Mitchell Wilcox","MIA","12","TE62","","281","","","","","281.0"
"443","Daniel Bellinger","NYG","14","TE63","326","","456","","","","391.0"
"444","Jahmal Banks","BAL","7","WR143","","282","752","","","","517.0"
"445","Isaiah Bond","CLE","9","WR144","286","","","","","","286.0"
"446","Praise Olatoke","","","WR145","","286","","","","","286.0"
"447","Patrick Ricard","BAL","7","RB102","379","","408","","","","393.5"
"448","Michael Pratt","TB","9","QB64","289","","825","","","","557.0"
"449","Cyrus Holder","","","WR146","","291","","","","","291.0"
"450","DeWayne McBride","","","RB103","292","","","","","","292.0"
"451","Trey Lance","LAC","12","QB65","373","","419","","","","396.0"
"452","Dan Arnold","","","TE64","","293","","","","","293.0"
"453","Justin Rigg","","","TE65","","295","","","","","295.0"
"454","Hendon Hooker","DET","8","QB66","335","","460","","","","397.5"
"455","Anders Carlson","","","K42","","","393","","","404","398.5"
"456","Lil'Jordan Humphrey","NYG","14","WR147","356","","443","","","","399.5"
"457","Kenny Stills","","","WR148","","300","","","","","300.0"
"458","Ezekiel Elliott","","","RB104","300","","","","","","300.0"
"459","Gabe Davis","","","WR149","","","","","","303","303.0"
"460","Sterling Shepard","TB","9","WR150","454","","349","","","","401.5"
"461","Braxton Berrios","HOU","6","WR151","304","","580","","","","442.0"
"462","Dan Chisena","","","WR152","","305","","","","","305.0"
"463","Ja'Corey Brooks","WAS","12","WR153","306","","","","","","306.0"
"464","Alex McNulty","","","K43","","308","","","","","308.0"
"465","Cade Stover","HOU","6","TE66","308","","538","","","","423.0"
"466","Jamari Thrash","CLE","9","WR154","434","","717","","","376","509.0"
"467","Lance Lenoir Jr.","","","WR155","","312","","","","","312.0"
"468","Ricky White III","SEA","8","WR156","","","","","","312","312.0"
"469","Kenjon Barner","","","RB105","","313","","","","","313.0"
"470","Marshall Lang","SEA","8","TE67","","314","619","","","","466.5"
"471","Theo Riddick","","","RB106","","316","","","","","316.0"
"472","Jeff Thomas","","","WR157","","318","","","","","318.0"
"473","Ben DiNucci","ATL","5","QB67","319","","","","","","319.0"
"474","Treyton Pickering","","","TE68","","320","","","","","320.0"
"475","C.J. Ham","MIN","6","RB107","337","","483","","","","410.0"
"476","Nathan Rourke","","","QB68","321","","","","","","321.0"
"477","Jacob Kibodi","","","RB108","322","","","","","","322.0"
"478","Julius Chestnut","TEN","10","RB109","364","","458","","","","411.0"
"479","Josh Reynolds","NYJ","9","WR158","","","485","","","339","412.0"
"480","Isaac","Rex","","TE69","","326","","","","","326.0"
"481","D.J. Montgomery","IND","11","WR159","382","","444","","","","413.0"
"482","Greg Dortch","ARI","8","WR160","","","410","","","416","413.0"
"483","Ventell Bryant","","","WR161","","327","","","","","327.0"
"484","Jaxon Janke","","","WR162","","329","","","","","329.0"
"485","Eddy Pineiro","","","K44","342","","488","","","","415.0"
"486","Dalvin Cook","","","RB110","331","","","","","","331.0"
"487","Easton Dean","","","TE70","","332","","","","","332.0"
"488","Noah Cain","","","RB111","","333","","","","","333.0"
"489","Frank Gore Jr.","BUF","7","RB112","401","","432","","","","416.5"
"490","Tylan Wallace","BAL","7","WR163","415","","418","","","","416.5"
"491","Van Jefferson","TEN","10","WR164","","","415","","","419","417.0"
"492","Stetson Bennett IV","LAR","8","QB69","336","","678","","","","507.0"
"493","Valentino Ambrosio","","","K45","","337","","","","","337.0"
"494","Kadarius Toney","","","WR165","340","","510","","","","425.0"
"495","Hayden Rucci","MIA","12","TE71","","340","853","","","","596.5"
"496","Kaare Vedvik","","","K46","","341","","","","","341.0"
"497","Trey Sermon","PIT","5","RB113","","","453","","","389","421.0"
"498","Auden Tate","","","WR166","","343","","","","","343.0"
"499","Drew Sample","CIN","10","TE72","465","","378","","","","421.5"
"500","Lorenzo Lingard","","","RB114","","344","","","","","344.0"
"501","Max Duggan","","","QB70","345","","","","","","345.0"
"502","Jalen Guyton","","","WR167","","346","","","","","346.0"
"503","Lincoln Sefcik","","","TE73","","347","","","","","347.0"
"504","Aidan O'Connell","LV","8","QB71","452","","395","","","","423.5"
"505","Cade York","","","K47","428","","420","","","","424.0"
"506","Raheem Blackshear","CAR","14","RB115","348","","670","","","","509.0"
"507","Charles Jones","","","TE74","","349","","","","","349.0"
"508","Justin Watson","HOU","6","WR168","443","","409","","","","426.0"
"509","Carson Wentz","","","QB72","414","","438","","","","426.0"
"510","Kazmeir Allen","WAS","12","WR169","","","709","","","352","530.5"
"511","Julio Jones","","","WR170","354","","","","","","354.0"
"512","Tyrell Shavers","BUF","7","WR171","","","706","","","354","530.0"
"513","Cam Newton","","","QB73","","","","","","355","355.0"
"514","Jaylin Lane","WAS","12","WR172","438","","621","","","417","492.0"
"515","Konata Mumpfield","LAR","8","WR173","","","778","","","357","567.5"
"516","Jason Brownlee","KC","10","WR174","","","","","","359","359.0"
"517","Arian Smith","NYJ","9","WR175","410","","686","","","449","515.0"
"518","John Ross","","","WR176","360","","","","","","360.0"
"519","Randy Bullock","","","K48","361","","","","","","361.0"
"520","Darius Cooper","PHI","9","WR177","","","524","","","362","443.0"
"521","Jermaine Jackson","","","WR178","363","","","","","","363.0"
"522","Phil Mafah","DAL","10","RB116","","","764","","","364","564.0"
"523","Colby Parkinson","LAR","8","TE75","","","417","","","448","432.5"
"524","Kyle Allen","DET","8","QB74","365","","582","","","","473.5"
"525","Jonathan Mingo","DAL","10","WR179","448","","517","","","418","461.0"
"526","Nick Mullens","JAC","8","QB75","","","570","","","366","468.0"
"527","Kalel Mullings","TEN","10","RB117","","","885","","","367","626.0"
"528","Robert Griffin","III","","QB76","","","","","","368","368.0"
"529","Michael Badgley","","","K49","368","","","","","","368.0"
"530","Teddy Bridgewater","TB","9","QB77","370","","557","","","","463.5"
"531","Zay Jones","ARI","8","WR180","471","","565","","","400","478.7"
"532","Cole Beasley","","","WR181","","","","","","372","372.0"
"533","Dallin Holker","","","TE76","372","","","","","","372.0"
"534","Dillon Gabriel","CLE","9","QB78","","","477","","","397","437.0"
"535","Derius Davis","LAC","12","WR182","374","","525","","","","449.5"
"536","Robbie Chosen","SF","14","WR183","375","","784","","","","579.5"
"537","Dominic Lovett","DET","8","WR184","","","766","","","379","572.5"
"538","Connor Heyward","PIT","5","TE77","","","380","","","","380.0"
"539","Lenny Krieg","ATL","5","K50","","","382","","","","382.0"
"540","Cedrick Wilson Jr.","NO","11","WR185","","","579","","","382","480.5"
"541","Darrell Henderson Jr.","","","RB118","383","","","","","","383.0"
"542","Tyree Jackson","WAS","12","TE78","","","795","","","383","589.0"
"543","Brett Maher","","","K51","385","","","","","","385.0"
"544","Michael Carter","ARI","8","RB119","","","634","","","386","510.0"
"545","John Bates","WAS","12","TE79","386","","638","","","","512.0"
"546","Jeremy Ruckert","NYJ","9","TE80","387","","516","","","","451.5"
"547","Devontez Walker","BAL","7","WR186","388","","714","","","","551.0"
"548","Clyde Edwards-Helaire","NO","11","RB120","","","389","","","","389.0"
"549","Tanner Brown","","","K52","389","","","","","","389.0"
"550","Khalil Herbert","IND","11","RB121","","","507","","","390","448.5"
"551","Lucky Jackson","MIN","6","WR187","392","","536","","","","464.0"
"552","Kimani Vidal","LAC","12","RB122","","","469","","","426","447.5"
"553","Trey Palmer","TB","9","WR188","","","462","","","434","448.0"
"554","Michael Burton","DEN","12","RB123","459","","437","","","","448.0"
"555","Donovan Peoples-Jones","NO","11","WR189","397","","","","","","397.0"
"556","Nikko Remigio","KC","10","WR190","400","","696","","","","548.0"
"557","Tyson Bagent","CHI","5","QB79","403","","687","","","","545.0"
"558","Chimere Dike","TEN","10","WR191","468","","884","","","435","595.7"
"559","Greg Zuerlein","","","K53","","","404","","","","404.0"
"560","Charlie Jones","CIN","10","WR192","405","","673","","","","539.0"
"561","Jeremy McNichols","WAS","12","RB124","","","406","","","","406.0"
"562","Brandon Allen","TEN","10","QB80","424","","482","","","","453.0"
"563","Matt Prater","","","K54","406","","555","","","","480.5"
"564","George Holani","SEA","8","RB125","435","","472","","","","453.5"
"565","Gavin Bartholomew","MIN","6","TE81","407","","523","","","","465.0"
"566","Anthony Brown Jr.","","","QB81","408","","","","","","408.0"
"567","D.J. Williams","","","RB126","409","","847","","","","628.0"
"568","Ihmir Smith-Marsette","NYG","14","WR193","412","","","","","","412.0"
"569","Boston Scott","","","RB127","413","","","","","","413.0"
"570","Darrynton Evans","BUF","7","RB128","","","413","","","","413.0"
"571","Emari Demercado","ARI","8","RB129","","","532","","","414","473.0"
"572","Tommy Mellott","LV","8","QB82","416","","780","","","","598.0"
"573","Skyy Moore","KC","10","WR194","418","","514","","","","466.0"
"574","Matt Ammendola","","","K55","420","","","","","","420.0"
"575","Scotty Miller","PIT","5","WR195","421","","499","","","","460.0"
"576","Patrick Taylor Jr.","SF","14","RB130","475","","445","","","","460.0"
"577","Hassan Haskins","LAC","12","RB131","","","421","","","","421.0"
"578","Isaiah Davis","NYJ","9","RB132","","","543","","","421","482.0"
"579","Kyle Trask","TB","9","QB83","422","","637","","","","529.5"
"580","Jordan Watkins","SF","14","WR196","","","744","","","423","583.5"
"581","Sincere McCormick","LV","8","RB133","","","424","","","","424.0"
"582","Foster Moreau","NO","11","TE82","","","493","","","431","462.0"
"583","Davis Allen","LAR","8","TE83","463","","461","","","","462.0"
"584","Eric Gray","NYG","14","RB134","425","","682","","","","553.5"
"585","E.J. Jenkins","PHI","9","TE84","","","426","","","","426.0"
"586","Donovan Edwards","NYJ","9","RB135","426","","501","","","","463.5"
"587","Hunter Luepke","DAL","10","RB136","","","427","","","","427.0"
"588","Tyrod Taylor","NYJ","9","QB84","427","","554","","","","490.5"
"589","Chris Brooks","GB","5","RB137","","","428","","","","428.0"
"590","Kylen Granson","PHI","9","TE85","478","","450","","","","464.0"
"591","Sione Vaki","DET","8","RB138","","","429","","","","429.0"
"592","Devin Duvernay","CHI","5","WR197","430","","602","","","","516.0"
"593","Luke Farrell","SF","14","TE86","431","","509","","","","470.0"
"594","Riley Leonard","IND","11","QB85","432","","770","","","","601.0"
"595","Jha'Quan Jackson","TEN","10","WR198","433","","","","","","433.0"
"596","Josh Whyle","TEN","10","TE87","","","520","","","433","476.5"
"597","Brayden Narveson","","","K56","436","","","","","","436.0"
"598","Ryan Tannehill","","","QB86","437","","","","","","437.0"
"599","Johnny Wilson","PHI","9","WR199","439","","728","","","","583.5"
"600","Tyquan Thornton","KC","10","WR200","485","","455","","","","470.0"
"601","Jalen Reagor","LAC","12","WR201","440","","615","","","","527.5"
"602","Robbie Ouzts","SEA","8","TE88","442","","535","","","","488.5"
"603","Gunner Olszewski","NYG","14","WR202","444","","","","","","444.0"
"604","Jalin Conyers","MIA","12","TE89","","","","","","444","444.0"
"605","Keith Kirkwood","BAL","7","WR203","445","","585","","","","515.0"
"606","David Bell","CLE","9","WR204","","","810","","","445","627.5"
"607","Dylan Laube","LV","8","RB139","446","","722","","","","584.0"
"608","Jonathan Ward","NYG","14","RB140","","","447","","","","447.0"
"609","Tyler Johnson","NYJ","9","WR205","495","","502","","","452","483.0"
"610","Cordarrelle Patterson","","","RB141","447","","556","","","","501.5"
"611","Tyler Goodson","IND","11","RB142","494","","454","","","","474.0"
"612","Mitch Van Vooren","CLE","9","WR206","","","449","","","","449.0"
"613","Louis Rees-Zammit","","","RB143","449","","826","","","","637.5"
"614","Phillip Dorsett II","LV","8","WR207","450","","","","","","450.0"
"615","SaRodorick Thompson Jr.","","","RB144","451","","","","","","451.0"
"616","Caden Prieskorn","DEN","12","TE90","","","451","","","","451.0"
"617","Nick Nash","ATL","5","WR208","","","857","","","451","654.0"
"618","Bailey Zappe","KC","10","QB87","453","","652","","","","552.5"
"619","Jaren Hall","","","QB88","455","","","","","","455.0"
"620","KhaDarel Hodge","ATL","5","WR209","456","","587","","","","521.5"
"621","Tyrion Davis-Price","GB","5","RB145","","","457","","","","457.0"
"622","Travis Homer","CHI","5","RB146","461","","496","","","","478.5"
"623","Riley Patterson","","","K57","458","","511","","","","484.5"
"624","Dorian Thompson-Robinson","PHI","9","QB89","","","459","","","","459.0"
"625","Trent Taylor","SF","14","WR210","460","","786","","","","623.0"
"626","Case Keenum","CHI","5","QB90","462","","","","","","462.0"
"627","Collin Johnson","LV","8","WR211","464","","","","","","464.0"
"628","Ben Sauls","PIT","5","K58","","","464","","","","464.0"
"629","Rasheen Ali","BAL","7","RB147","497","","467","","","","482.0"
"630","Nate Adkins","DEN","12","TE91","","","465","","","","465.0"
"631","Jared Wiley","KC","10","TE92","467","","539","","","","503.0"
"632","Charlie Kolar","BAL","7","TE93","469","","513","","","","491.0"
"633","Jacob Cowing","SF","14","WR212","","","470","","","","470.0"
"634","Charlie Woerner","ATL","5","TE94","470","","617","","","","543.5"
"635","Tim Jones","MIN","6","WR213","472","","505","","","","488.5"
"636","KJ Hamler","BUF","7","WR214","473","","","","","","473.0"
"637","Terrell Jennings","NE","14","RB148","","","474","","","","474.0"
"638","LeQuint Allen Jr.","JAC","8","RB149","474","","772","","","","623.0"
"639","Jared Wayne","","","WR215","476","","","","","","476.0"
"640","Michael Gallup","WAS","12","WR216","477","","574","","","","525.5"
"641","Jalen White","GB","5","RB150","","","478","","","","478.0"
"642","Avery Williams","PHI","9","RB151","479","","626","","","","552.5"
"643","Josh Johnson","WAS","12","QB91","","","480","","","","480.0"
"644","Brittain Brown","CHI","5","RB152","480","","649","","","","564.5"
"645","Jacoby Brissett","ARI","8","QB92","","","481","","","","481.0"
"646","Ja'Lynn Polk","NE","14","WR217","481","","725","","","","603.0"
"647","Austin Seibert","","","K59","482","","","","","","482.0"
"648","Kyle McCord","PHI","9","QB93","483","","707","","","","595.0"
"649","Eric Saubert","SEA","8","TE95","","","484","","","","484.0"
"650","Xavier Gipson","NYJ","9","WR218","484","","693","","","","588.5"
"651","Jamaal Williams","","","RB153","","","486","","","","486.0"
"652","Henry Pearson","","","RB154","486","","","","","","486.0"
"653","Dante Pettis","NO","11","WR219","","","487","","","","487.0"
"654","Tyreik McAllister","","","RB155","487","","","","","","487.0"
"655","Malachi Corley","NYJ","9","WR220","488","","727","","","","607.5"
"656","Brady Russell","SEA","8","TE96","489","","695","","","","592.0"
"657","Ian Thomas","LV","8","TE97","","","490","","","","490.0"
"658","Tyler Scott","CHI","5","WR221","490","","","","","","490.0"
"659","Jeff Wilson Jr.","SF","14","RB156","499","","491","","","","495.0"
"660","Brock Lampe","NE","14","RB157","","","492","","","","492.0"
"661","Israel Abanikanda","GB","5","RB158","492","","683","","","","587.5"
"662","Terrace Marshall Jr.","PHI","9","WR222","493","","506","","","","499.5"
"663","Trayveon Williams","CLE","9","RB159","","","494","","","","494.0"
"664","Laquon Treadwell","IND","11","WR223","496","","564","","","","530.0"
"665","Jason Cabinda","","","LB1","498","","","","","","498.0"
"666","Harrison Bryant","HOU","6","TE98","","","500","","","","500.0"
"667","Ryan","Coe","","K60","","","503","","","","503.0"
"668","Tyler Badie","DEN","12","RB160","","","512","","","","512.0"
"669","Skylar Thompson","PIT","5","QB94","","","515","","","","515.0"
"670","Jalen Brooks","DAL","10","WR224","","","518","","","","518.0"
"671","Xavier Hutchinson","HOU","6","WR225","","","521","","","","521.0"
"672","Xavier Smith","LAR","8","WR226","","","522","","","","522.0"
"673","Ronnie Bell","DET","8","WR227","","","526","","","","526.0"
"674","Payne Durham","TB","9","TE99","","","528","","","","528.0"
"675","Jordan Mims","TEN","10","RB161","","","529","","","","529.0"
"676","Shedrick Jackson","LV","8","WR228","","","530","","","","530.0"
"677","Malik Knowles","","","WR229","","","533","","","","533.0"
"678","Ryan Miller","TB","9","WR230","","","534","","","","534.0"
"679","Ryan Flournoy","DAL","10","WR231","","","537","","","","537.0"
"680","Jaheim Bell","NE","14","TE100","","","540","","","","540.0"
"681","Bub Means","NO","11","WR232","","","541","","","","541.0"
"682","Charlie Smyth","NO","11","K61","","","542","","","","542.0"
"683","Winston Wright","","","WR233","","","544","","","","544.0"
"684","Mark McNamee","GB","5","K62","","","545","","","","545.0"
"685","Kendall Milton","CIN","10","RB162","","","546","","","","546.0"
"686","Terique Owens","SF","14","WR234","","","548","","","","548.0"
"687","Jonathan","Kim","","K63","","","549","","","","549.0"
"688","Tre Watson","KC","10","TE101","","","552","","","","552.0"
"689","Brady Cook","NYJ","9","QB95","","","558","","","","558.0"
"690","Nelson Agholor","","","WR235","","","559","","","","559.0"
"691","Nick Kallerup","SEA","8","TE102","","","560","","","","560.0"
"692","DeAndre Carter","CLE","9","WR236","","","561","","","","561.0"
"693","Deon Jackson","DET","8","RB163","500","","623","","","","561.5"
"694","Taylor Heinicke","LAC","12","QB96","","","562","","","","562.0"
"695","Chris Moore","WAS","12","WR237","","","563","","","","563.0"
"696","Jamal Agnew","ATL","5","WR238","","","567","","","","567.0"
"697","Johnny Mundt","JAC","8","TE103","","","568","","","","568.0"
"698","Zach Pascal","NYG","14","WR239","","","569","","","","569.0"
"699","Pharaoh Brown","MIA","12","TE104","","","571","","","","571.0"
"700","Robert Tonyan","KC","10","TE105","","","572","","","","572.0"
"701","Dare Ogunbowale","HOU","6","RB164","","","573","","","","573.0"
"702","Hayden Hurst","","","TE106","","","575","","","","575.0"
"703","John Kelly Jr.","","","RB165","","","576","","","","576.0"
"704","Anthony Miller","BAL","7","WR240","","","577","","","","577.0"
"705","Durham Smythe","CHI","5","TE107","","","578","","","","578.0"
"706","Ross Dwelley","","","TE108","","","581","","","","581.0"
"707","Tim Boyle","","","QB97","","","583","","","","583.0"
"708","Tanner Hudson","CIN","10","TE109","","","584","","","","584.0"
"709","Gus Edwards","","","RB166","","","586","","","","586.0"
"710","Alec Ingold","MIA","12","RB167","","","588","","","","588.0"
"711","Kelvin Harmon","","","WR241","","","590","","","","590.0"
"712","Miles Boykin","CHI","5","WR242","","","591","","","","591.0"
"713","Brett Rypien","MIN","6","QB98","","","592","","","","592.0"
"714","Irv Smith Jr.","HOU","6","TE110","","","593","","","","593.0"
"715","Jakob Johnson","HOU","6","RB168","","","594","","","","594.0"
"716","Trenton Irwin","JAC","8","WR243","","","595","","","","595.0"
"717","Ben Wooldridge","NE","14","QB99","","","596","","","","596.0"
"718","Malik Taylor","DET","8","WR244","","","597","","","","597.0"
"719","Steven Sims Jr.","SEA","8","WR245","","","598","","","","598.0"
"720","Alex Bachman","LV","8","WR246","","","599","","","","599.0"
"721","Tom Kennedy","DET","8","WR247","","","600","","","","600.0"
"722","Marcus Yarns","NO","11","RB169","","","601","","","","601.0"
"723","Tyler Huntley","CLE","9","QB100","","","603","","","","603.0"
"724","James Proche II","TEN","10","WR248","","","604","","","","604.0"
"725","Isaiah Hodgins","SF","14","WR249","","","605","","","","605.0"
"726","Giovanni Ricci","MIN","6","TE111","","","606","","","","606.0"
"727","Moochie Dixon","NO","11","WR250","","","607","","","","607.0"
"728","Max Brosmer","MIN","6","QB101","","","608","","","","608.0"
"729","Isaiah Neyor","GB","5","WR251","","","609","","","","609.0"
"730","Raheim Sanders","LAC","12","RB170","","","610","","","","610.0"
"731","Max Hurleman","PIT","5","CB1","","","611","","","","611.0"
"732","Cody White","SEA","8","WR252","","","612","","","","612.0"
"733","Trishton Jackson","ARI","8","WR253","","","613","","","","613.0"
"734","K.J. Osborn","WAS","12","WR254","","","614","","","","614.0"
"735","Chase Claypool","","","WR255","","","616","","","","616.0"
"736","DeeJay Dallas","ARI","8","RB171","","","618","","","","618.0"
"737","Lawrence Cager","WAS","12","WR256","","","620","","","","620.0"
"738","Tarik Black","MIA","12","WR257","","","622","","","","622.0"
"739","Jacardia Wright","SEA","8","RB172","","","624","","","","624.0"
"740","Kenny Yeboah","DET","8","TE112","","","625","","","","625.0"
"741","Dez Fitzpatrick","LAC","12","WR258","","","627","","","","627.0"
"742","Davis Mills","HOU","6","QB102","","","628","","","","628.0"
"743","Sam Ehlinger","DEN","12","QB103","","","629","","","","629.0"
"744","Ben Skowronek","PIT","5","WR259","","","630","","","","630.0"
"745","Zach Davidson","BUF","7","TE113","","","631","","","","631.0"
"746","Kene Nwangwu","NYJ","9","RB173","","","632","","","","632.0"
"747","Gary Brightwell","CIN","10","RB174","","","633","","","","633.0"
"748","Dee Eskridge","MIA","12","WR260","","","636","","","","636.0"
"749","Jack Stoll","NO","11","TE114","","","639","","","","639.0"
"750","Jaret Patterson","LAC","12","RB175","","","640","","","","640.0"
"751","Shane Zylstra","DET","8","TE115","","","641","","","","641.0"
"752","John FitzPatrick","GB","5","TE116","","","642","","","","642.0"
"753","Desmond Ridder","CIN","10","QB104","","","643","","","","643.0"
"754","Velus Jones Jr.","NO","11","WR261","","","644","","","","644.0"
"755","Michael Woods","II","","WR262","","","645","","","","645.0"
"756","Drew Ogletree","IND","11","TE117","","","647","","","","647.0"
"757","Jelani Woods","IND","11","TE118","","","648","","","","648.0"
"758","Nick Muse","PHI","9","TE119","","","650","","","","650.0"
"759","Pierre Strong Jr.","CLE","9","RB176","","","651","","","","651.0"
"760","Irvin Charles","NYJ","9","WR263","","","653","","","","653.0"
"761","Zonovan Knight","ARI","8","RB177","","","654","","","","654.0"
"762","Britain Covey","LAR","8","WR264","","","655","","","","655.0"
"763","Bo Melton","GB","5","WR265","","","656","","","","656.0"
"764","Dareke Young","SEA","8","WR266","","","657","","","","657.0"
"765","Justyn Ross","","","WR267","","","659","","","","659.0"
"766","Kendric Pryor","CIN","10","WR268","","","660","","","","660.0"
"767","Kaden Davis","CLE","9","WR269","","","661","","","","661.0"
"768","Brandon Johnson","PIT","5","WR270","","","662","","","","662.0"
"769","Kevin Austin Jr.","NO","11","WR271","","","663","","","","663.0"
"770","Braylon Sanders","WAS","12","WR272","","","664","","","","664.0"
"771","Lucas Krull","DEN","12","TE120","","","665","","","","665.0"
"772","Jashaun Corbin","ATL","5","RB178","","","666","","","","666.0"
"773","Ronnie Rivers","LAR","8","RB179","","","667","","","","667.0"
"774","Stone Smartt","NYJ","9","TE121","","","668","","","","668.0"
"775","Tucker Fisk","LAC","12","TE122","","","669","","","","669.0"
"776","Justin Shorter","LV","8","WR273","","","671","","","","671.0"
"777","Silas Bolden","MIN","6","WR274","","","672","","","","672.0"
"778","Beaux Collins","NYG","14","WR275","","","674","","","","674.0"
"779","Evan Hull","PIT","5","RB180","","","676","","","","676.0"
"780","Will Mallory","IND","11","TE123","","","677","","","","677.0"
"781","Zach Evans","","","RB181","","","679","","","","679.0"
"782","Dresser Winn","LAR","8","QB105","","","680","","","","680.0"
"783","Jake Haener","NO","11","QB106","","","681","","","","681.0"
"784","Brayden Willis","SF","14","TE124","","","684","","","","684.0"
"785","Chris Rodriguez Jr.","WAS","12","RB182","","","685","","","","685.0"
"786","Andre Szmyt","CLE","9","K64","","","688","","","","688.0"
"787","Malik Heath","GB","5","WR276","","","689","","","","689.0"
"788","Zavier Scott","MIN","6","WR277","","","690","","","","690.0"
"789","Thomas Fidone II","NYG","14","TE125","","","691","","","","691.0"
"790","Roc Taylor","","","WR278","","","692","","","","692.0"
"791","Ben VanSumeren","PHI","9","LB2","","","694","","","","694.0"
"792","Carlos Washington Jr.","ATL","5","RB183","","","697","","","","697.0"
"793","Jalen Cropper","DAL","10","WR279","","","698","","","","698.0"
"794","Chase Cota","","","WR280","","","699","","","","699.0"
"795","JJ Galbreath","PIT","5","TE126","","","700","","","","700.0"
"796","DJ Uiagalelei","LAC","12","QB107","","","701","","","","701.0"
"797","Corey Kiner","SF","14","RB184","","","702","","","","702.0"
"798","Blake Whiteheart","CLE","9","TE127","","","703","","","","703.0"
"799","Thayer Thomas","MIN","6","WR281","","","704","","","","704.0"
"800","Johnny Lumpkin","GB","5","TE128","","","705","","","","705.0"
"801","Rakim Jarrett","TB","9","WR282","","","708","","","","708.0"
"802","Tyrone Broden","SEA","8","WR283","","","710","","","","710.0"
"803","Jase McClellan","TB","9","RB185","","","711","","","","711.0"
"804","Casey Washington","ATL","5","WR284","","","712","","","","712.0"
"805","Devin Leary","BAL","7","QB108","","","713","","","","713.0"
"806","Jonathon Brooks","CAR","14","RB186","","","715","","","","715.0"
"807","Erick All Jr.","CIN","10","TE129","","","716","","","","716.0"
"808","Gunnar Oakes","DET","8","TE130","","","718","","","","718.0"
"809","Jawhar Jordan","HOU","6","RB187","","","719","","","","719.0"
"810","Anthony Gould","IND","11","WR285","","","720","","","","720.0"
"811","Keilan Robinson","PHI","9","RB188","","","721","","","","721.0"
"812","Tahj Washington","MIA","12","WR286","","","723","","","","723.0"
"813","Javon Baker","NE","14","WR287","","","724","","","","724.0"
"814","Dante Miller","NYG","14","RB189","","","726","","","","726.0"
"815","Tip Reiman","ARI","8","TE131","","","729","","","","729.0"
"816","Devin Culp","TB","9","TE132","","","730","","","","730.0"
"817","Emani Bailey","CAR","14","RB190","","","731","","","","731.0"
"818","Baylor Cupp","BAL","7","TE133","","","732","","","","732.0"
"819","Austin Reed","CHI","5","QB109","","","733","","","","733.0"
"820","Cam Grandy","CIN","10","TE134","","","734","","","","734.0"
"821","Blake Watson","DEN","12","RB191","","","735","","","","735.0"
"822","Kedon Slovis","HOU","6","QB110","","","736","","","","736.0"
"823","Carter Bradley","SF","14","QB111","","","737","","","","737.0"
"824","Mason Tipton","NO","11","WR288","","","739","","","","739.0"
"825","Xavier Weaver","ARI","8","WR289","","","740","","","","740.0"
"826","David Martin-Robinson","TEN","10","TE135","","","741","","","","741.0"
"827","Bryce Oliver","TEN","10","WR290","","","742","","","","742.0"
"828","Jabari Small","","","RB192","","","743","","","","743.0"
"829","John Rhys Plumlee","SEA","8","QB112","","","745","","","","745.0"
"830","Cody Schrader","LAR","8","RB193","","","746","","","","746.0"
"831","Kameron Johnson","TB","9","WR291","","","747","","","","747.0"
"832","Sam Hartman","WAS","12","QB113","","","748","","","","748.0"
"833","Colson Yankoff","WAS","12","TE136","","","749","","","","749.0"
"834","Geor'Quarius Spivey","KC","10","TE137","","","750","","","","750.0"
"835","Alex Hale","","","K65","","","751","","","","751.0"
"836","Marcus Major Jr.","","","RB194","","","753","","","","753.0"
"837","Kelly Akharaiyi","ARI","8","WR292","","","754","","","","754.0"
"838","Jackson Hawes","BUF","7","TE138","","","755","","","","755.0"
"839","Kayron Lynch-Adams","CAR","14","RB195","","","757","","","","757.0"
"840","Quali Conley","CIN","10","RB196","","","758","","","","758.0"
"841","Luke Floriea","","","WR293","","","759","","","","759.0"
"842","Ja'seem Reed","CAR","14","WR294","","","760","","","","760.0"
"843","Rivaldo Fairweather","DAL","10","TE139","","","761","","","","761.0"
"844","Traeshon Holden","DAL","10","WR295","","","762","","","","762.0"
"845","Josh Kelly","DAL","10","WR296","","","763","","","","763.0"
"846","Courtney Jackson","DEN","12","WR297","","","765","","","","765.0"
"847","Drake Dabney","TEN","10","TE140","","","768","","","","768.0"
"848","Graham Mertz","HOU","6","QB114","","","769","","","","769.0"
"849","Maddux Trujillo","IND","11","K66","","","771","","","","771.0"
"850","Patrick Herbert","JAC","8","TE141","","","773","","","","773.0"
"851","Ja'Quinden Jackson","JAC","8","RB197","","","774","","","","774.0"
"852","Elijhah Badger","KC","10","WR298","","","775","","","","775.0"
"853","Jake Briningstool","KC","10","TE142","","","776","","","","776.0"
"854","Elijah Young","KC","10","RB198","","","777","","","","777.0"
"855","Ketron Jackson Jr.","LV","8","WR299","","","779","","","","779.0"
"856","Cam Miller","LV","8","QB115","","","781","","","","781.0"
"857","Roderick Daniels Jr.","NO","11","WR300","","","782","","","","782.0"
"858","Tyler Boyd","","","WR301","","","783","","","","783.0"
"859","Gerald Everett","","","TE143","","","785","","","","785.0"
"860","Mike White","BUF","7","QB116","","","788","","","","788.0"
"861","Deon Cain","BUF","7","WR302","","","789","","","","789.0"
"862","Mike Boone","MIA","12","RB199","","","790","","","","790.0"
"863","Trent Sherfield Sr.","DEN","12","WR303","","","791","","","","791.0"
"864","Malik Turner","SF","14","WR304","","","792","","","","792.0"
"865","John Wolford","JAC","8","QB117","","","793","","","","793.0"
"866","Will Grier","DAL","10","QB118","","","794","","","","794.0"
"867","Andrew Beck","NYJ","9","TE144","","","796","","","","796.0"
"868","Ashton Dulin","IND","11","WR305","","","797","","","","797.0"
"869","Andy Isabella","","","WR306","","","798","","","","798.0"
"870","Simi Fehoko","ARI","8","WR307","","","799","","","","799.0"
"871","Seth Williams","LV","8","WR308","","","800","","","","800.0"
"872","Hunter Long","JAC","8","TE145","","","801","","","","801.0"
"873","Tre' McKitty","HOU","6","TE146","","","802","","","","802.0"
"874","Quintin Morris","JAC","8","TE147","","","803","","","","803.0"
"875","Feleipe Franks","ATL","5","QB119","","","804","","","","804.0"
"876","Austin Trammell","JAC","8","WR309","","","805","","","","805.0"
"877","Michael Bandy","DEN","12","WR310","","","806","","","","806.0"
"878","Sal Cannella","CLE","9","TE148","","","807","","","","807.0"
"879","Michael Jacobson","NO","11","TE149","","","808","","","","808.0"
"880","Jake Tonges","SF","14","TE150","","","809","","","","809.0"
"881","Greg Dulcich","NYG","14","TE151","","","811","","","","811.0"
"882","Montrell Washington","NYG","14","WR311","","","812","","","","812.0"
"883","Samori Toure","CHI","5","WR312","","","813","","","","813.0"
"884","Teagan Quitoriano","ATL","5","TE152","","","814","","","","814.0"
"885","Erik Ezukanma","MIA","12","WR313","","","815","","","","815.0"
"886","Chris Oladokun","KC","10","QB120","","","816","","","","816.0"
"887","Ko Kieft","TB","9","TE153","","","817","","","","817.0"
"888","Zaire Mitchell-Paden","BAL","7","TE154","","","818","","","","818.0"
"889","Malik Davis","DAL","10","RB200","","","819","","","","819.0"
"890","Jalen Virgil","BUF","7","WR314","","","820","","","","820.0"
"891","Seth Green","NO","11","TE155","","","821","","","","821.0"
"892","Tanner Conner","MIA","12","TE156","","","822","","","","822.0"
"893","Tay Martin","WAS","12","WR315","","","823","","","","823.0"
"894","Maurice Alexander","CHI","5","WR316","","","824","","","","824.0"
"895","Cornelius Johnson","GB","5","WR317","","","827","","","","827.0"
"896","Chris Collier","LV","8","RB201","","","828","","","","828.0"
"897","Dayton Wade","BAL","7","WR318","","","829","","","","829.0"
"898","Messiah Swinson","GB","5","TE157","","","830","","","","830.0"
"899","Emory Jones","","","QB121","","","831","","","","831.0"
"900","Julian Hicks","GB","5","WR319","","","832","","","","832.0"
"901","JaQuae Jackson","LAC","12","WR320","","","833","","","","833.0"
"902","Xavier Johnson","HOU","6","WR321","","","834","","","","834.0"
"903","Jack Plummer","CAR","14","QB122","","","835","","","","835.0"
"904","Brenden Bates","CLE","9","TE158","","","836","","","","836.0"
"905","Ian Wheeler","CHI","5","RB202","","","837","","","","837.0"
"906","Cole Burgess","CIN","10","WR322","","","838","","","","838.0"
"907","Brevyn Spann-Ford","DAL","10","TE159","","","839","","","","839.0"
"908","Thomas Yassmin","LAC","12","TE160","","","840","","","","840.0"
"909","Isaiah Williams","CIN","10","WR323","","","841","","","","841.0"
"910","Jason Bean","IND","11","QB123","","","842","","","","842.0"
"911","Joshua Cephus","JAC","8","WR324","","","843","","","","843.0"
"912","Jeshaun Jones","MIN","6","WR325","","","845","","","","845.0"
"913","Mason Pline","NO","11","TE161","","","846","","","","846.0"
"914","Michael Wiley","KC","10","RB203","","","848","","","","848.0"
"915","British Brooks","HOU","6","RB204","","","849","","","","849.0"
"916","Shawn Bowman","JAC","8","TE162","","","850","","","","850.0"
"917","Neal Johnson","NYJ","9","TE163","","","851","","","","851.0"
"918","Drake Stoops","LAR","8","WR326","","","852","","","","852.0"
"919","Jaelen Gill","","","WR327","","","854","","","","854.0"
"920","Kevin Foelsch","PIT","5","TE164","","","855","","","","855.0"
"921","Joshua Simon","ATL","5","TE165","","","858","","","","858.0"
"922","Xavier Guillory","BAL","7","WR328","","","859","","","","859.0"
"923","Lucas Scott","BAL","7","RB205","","","860","","","","860.0"
"924","Keleki Latu","BUF","7","TE166","","","861","","","","861.0"
"925","Bryce Pierre","CAR","14","TE167","","","862","","","","862.0"
"926","Deion Hankins","CHI","5","RB206","","","863","","","","863.0"
"927","Jahdae Walker","CHI","5","WR329","","","864","","","","864.0"
"928","Jamoi Mayes","CIN","10","WR330","","","865","","","","865.0"
"929","Jordan Moore","CIN","10","WR331","","","866","","","","866.0"
"930","Rashod Owens","CIN","10","WR332","","","867","","","","867.0"
"931","Payton Thorne","CIN","10","QB124","","","869","","","","869.0"
"932","Gage Larvadain","CLE","9","WR333","","","870","","","","870.0"
"933","Ahmani Marshall","CLE","9","RB207","","","871","","","","871.0"
"934","Tyler Neville","DAL","10","TE168","","","872","","","","872.0"
"935","Caleb Lohner","DEN","12","TE169","","","873","","","","873.0"
"936","Jerjuan Newton","DEN","12","WR334","","","874","","","","874.0"
"937","Kyrese Rowan","DEN","12","WR335","","","875","","","","875.0"
"938","Zach Horton","DET","8","TE170","","","877","","","","877.0"
"939","Jakobie Keeney-James","DET","8","WR336","","","878","","","","878.0"
"940","Jackson Meeks","DET","8","WR337","","","879","","","","879.0"
"941","Anthony Tyus III","SEA","8","RB208","","","880","","","","880.0"
"942","Taylor Elgersma","GB","5","QB125","","","881","","","","881.0"
"943","Amar Johnson","GB","5","RB209","","","882","","","","882.0"
"944","TJ Sheffield","TEN","10","WR338","","","886","","","","886.0"
"945","Ajou Ajou","IND","11","WR339","","","887","","","","887.0"
"946","Ulysses Bentley IV","IND","11","RB210","","","888","","","","888.0"
"947","Coleman Owen","IND","11","WR340","","","889","","","","889.0"
"948","Landon Parker","IND","11","WR341","","","890","","","","890.0"
"949","Blayne Taylor","IND","11","WR342","","","891","","","","891.0"
"950","Chandler Brayboy","JAC","8","WR343","","","892","","","","892.0"
"951","Cam Camper","JAC","8","WR344","","","893","","","","893.0"
"952","Seth Henigan","JAC","8","QB126","","","894","","","","894.0"
"953","Darius Lassiter","JAC","8","WR345","","","895","","","","895.0"
"954","Mac Dalena","KC","10","WR346","","","896","","","","896.0"
"955","Jimmy Holiday","KC","10","WR347","","","897","","","","897.0"
"956","Tru Edwards","LAR","8","WR348","","","898","","","","898.0"
"957","Brennan Presley","LAR","8","WR349","","","899","","","","899.0"
"958","Anthony Torres","LAR","8","TE171","","","900","","","","900.0"
""
""